scenario,wacc_scenario,lcoe_usd_mwh
ap1000,government,91.54940635182957
candu_ec6,government,92.54501428537029
ap1000,government,99.37330150755908
candu_ec6,government,101.1184669100451
ap1000,government,104.53898571515428
candu_ec6,government,88.78331557704878
ap1000,government,91.41001926751348
candu_ec6,government,90.2257596527697
ap1000,government,96.35077785955454
candu_ec6,government,99.35414057309437
ap1000,government,103.99156581695904
candu_ec6,government,92.03010661606473
ap1000,government,98.60009124440262
candu_ec6,government,101.20386938336512
ap1000,government,97.19507907762659
candu_ec6,government,98.61813820992202
ap1000,government,90.23447712248765
candu_ec6,government,91.21764790044261
ap1000,government,103.72402585159452
candu_ec6,government,101.47864087979856
ap1000,government,91.58995786462707
candu_ec6,government,101.49831381418836
ap1000,government,94.79746837829062
candu_ec6,government,91.96074142856071
ap1000,government,101.0173652037814
candu_ec6,government,97.68735868067552
ap1000,government,99.57678917026347
candu_ec6,government,95.00746049688752
ap1000,government,93.76880363038275
candu_ec6,government,90.51205197190417
ap1000,government,104.87258598589814
candu_ec6,government,99.70682718162155
ap1000,government,100.09131032329157
candu_ec6,government,91.66832874993094
ap1000,government,104.13810657853989
candu_ec6,government,100.33075454214176
ap1000,government,105.44016447666975
candu_ec6,government,89.41432010042011
ap1000,government,89.51999499129923
candu_ec6,government,98.53437652962317
ap1000,government,100.6925112390316
candu_ec6,government,110.39978836565695
ap1000,government,106.87211281209082
candu_ec6,government,96.95290302047498
ap1000,government,104.43112327350364
candu_ec6,government,104.68456986939745
ap1000,government,103.57563307612112
candu_ec6,government,102.76963457843124
ap1000,government,96.86551758145916
candu_ec6,government,92.69986080139027
ap1000,government,98.90915427256806
candu_ec6,government,91.88266395760407
ap1000,government,109.19714254775413
candu_ec6,government,92.60080256637444
ap1000,government,94.3776400525142
candu_ec6,government,102.1748921961929
ap1000,government,102.0228962460373
candu_ec6,government,102.42492017774511
ap1000,government,99.89726795230209
candu_ec6,government,97.96545548349405
ap1000,government,104.41774579779407
candu_ec6,government,106.09626652601632
ap1000,government,105.39645966699379
candu_ec6,government,104.78724107404844
ap1000,government,96.08497169341251
candu_ec6,government,89.11528774895254
ap1000,government,99.97004924363034
candu_ec6,government,98.34708036525666
ap1000,government,103.45903662439711
candu_ec6,government,93.14171903830923
ap1000,government,99.80622397909283
candu_ec6,government,98.01458743863584
ap1000,government,106.24827784510236
candu_ec6,government,92.34603084260884
ap1000,government,100.19651316012904
candu_ec6,government,101.26959658069173
ap1000,government,102.6063170350256
candu_ec6,government,102.35259745026029
ap1000,government,89.6537430368741
candu_ec6,government,100.46417717852489
ap1000,government,92.20151453106837
candu_ec6,government,109.54565813990126
ap1000,government,93.77852085946812
candu_ec6,government,100.21771080861161
ap1000,government,108.05608227785116
candu_ec6,government,97.81939627489966
ap1000,government,103.04865467086302
candu_ec6,government,98.30173485285928
ap1000,government,100.8690438247481
candu_ec6,government,100.08327093352726
ap1000,government,100.00644062600475
candu_ec6,government,101.26316462736851
ap1000,government,86.98888210019224
candu_ec6,government,102.60363288898405
ap1000,government,107.754511314647
candu_ec6,government,102.15583787572677
ap1000,government,110.18360976984947
candu_ec6,government,103.99366557538048
ap1000,government,102.10833981765256
candu_ec6,government,95.57518746346713
ap1000,government,89.42643878765594
candu_ec6,government,91.50105980514384
ap1000,government,102.45151194730461
candu_ec6,government,105.4173119092312
ap1000,government,100.47678870994585
candu_ec6,government,103.50487606291495
ap1000,government,93.05228343831935
candu_ec6,government,96.85292624064165
ap1000,government,101.22307473353354
candu_ec6,government,97.89708856693544
ap1000,government,86.12891225019011
candu_ec6,government,99.6616219720725
ap1000,government,99.77726364463885
candu_ec6,government,86.99875445520095
ap1000,government,89.10776843350801
candu_ec6,government,104.82961995168527
ap1000,government,105.40066587132749
candu_ec6,government,92.26487558805682
ap1000,government,93.78509176421252
candu_ec6,government,92.62960127552927
ap1000,government,112.0760569484451
candu_ec6,government,92.47361129361113
ap1000,government,101.6945222737262
candu_ec6,government,97.03308587812668
ap1000,government,93.70199656704285
candu_ec6,government,92.60943462736748
ap1000,government,96.55797084451207
candu_ec6,government,99.8766038777142
ap1000,government,96.97411947204905
candu_ec6,government,93.87434086343241
ap1000,government,100.63398629517549
candu_ec6,government,101.87802982899363
ap1000,government,94.56248090603435
candu_ec6,government,104.47988669740883
ap1000,government,101.08091143582757
candu_ec6,government,93.94988933458224
ap1000,government,97.98846815193457
candu_ec6,government,98.68457172753322
ap1000,government,98.98952122975436
candu_ec6,government,97.36472147927923
ap1000,government,94.10344820179434
candu_ec6,government,104.65100924575573
ap1000,government,104.72331404705007
candu_ec6,government,92.1559056310799
ap1000,government,104.86330084858632
candu_ec6,government,105.92747099846372
ap1000,government,95.60561721049145
candu_ec6,government,93.38689646919366
ap1000,government,99.39677195142049
candu_ec6,government,89.76337713071065
ap1000,government,103.6513065921632
candu_ec6,government,103.53010468554294
ap1000,government,102.99144947600443
candu_ec6,government,93.42837391760787
ap1000,government,98.28284975265154
candu_ec6,government,95.34895600424004
ap1000,government,106.12748515569038
candu_ec6,government,95.60272530695211
ap1000,government,100.9812274476807
candu_ec6,government,102.25822601143824
ap1000,government,88.30018653676241
candu_ec6,government,92.08940622222703
ap1000,government,97.25307170261584
candu_ec6,government,88.34529147231075
ap1000,government,90.8558328774709
candu_ec6,government,100.26686257602576
ap1000,government,101.233320207299
candu_ec6,government,94.91087834378845
ap1000,government,93.29298056447266
candu_ec6,government,99.13300877177454
ap1000,government,87.36873643198017
candu_ec6,government,92.33690252327933
ap1000,government,104.17584390947314
candu_ec6,government,94.08339623867032
ap1000,government,86.56217207876982
candu_ec6,government,97.17430529796985
ap1000,government,85.51239582517037
candu_ec6,government,98.67634244134166
ap1000,government,87.84538155231418
candu_ec6,government,88.64540539360084
ap1000,government,104.02744867341511
candu_ec6,government,91.17774536553196
ap1000,government,96.12095636931866
candu_ec6,government,90.70256367967598
ap1000,government,104.33769066178819
candu_ec6,government,94.22406896510738
ap1000,government,101.65412669636929
candu_ec6,government,94.24284393613091
ap1000,government,109.65040185486205
candu_ec6,government,97.23714830865967
ap1000,government,91.97973066928472
candu_ec6,government,96.1676191005631
ap1000,government,97.74890689526572
candu_ec6,government,97.13652988070248
ap1000,government,88.30528641318652
candu_ec6,government,97.20447376368556
ap1000,government,95.71777513717954
candu_ec6,government,98.26937233799086
ap1000,government,106.8372521846615
candu_ec6,government,97.44846050488763
ap1000,government,90.33626135410225
candu_ec6,government,102.78386776678869
ap1000,government,99.4781626123161
candu_ec6,government,94.76646571895252
ap1000,government,100.1760960844315
candu_ec6,government,101.89915257222246
ap1000,government,105.26314220771745
candu_ec6,government,88.46213037832577
ap1000,government,96.77756474180114
candu_ec6,government,94.8725991919377
ap1000,government,99.22699537576884
candu_ec6,government,93.94809462615271
ap1000,government,96.53838007403874
candu_ec6,government,101.9833779120724
ap1000,government,104.42532039973207
candu_ec6,government,88.32098913102517
ap1000,government,105.70173864079784
candu_ec6,government,93.16713255016839
ap1000,government,107.15735982147777
candu_ec6,government,99.74463380126123
ap1000,government,101.44945621649978
candu_ec6,government,93.81466053528128
ap1000,government,97.06191063931192
candu_ec6,government,100.54283098273068
ap1000,government,96.27768893430398
candu_ec6,government,104.85945640591154
ap1000,government,101.63866447345448
candu_ec6,government,94.66717752177324
ap1000,government,91.69990631933324
candu_ec6,government,99.13092071208219
ap1000,government,105.34354255081651
candu_ec6,government,89.99872800545279
ap1000,government,105.73874691433144
candu_ec6,government,99.91310251847786
ap1000,government,103.88326358771916
candu_ec6,government,101.81151369008663
ap1000,government,91.83541579366901
candu_ec6,government,92.60763332544741
ap1000,government,102.35586071609248
candu_ec6,government,94.82806921654917
ap1000,government,97.42787255585885
candu_ec6,government,105.15957120428445
ap1000,government,89.29333976937522
candu_ec6,government,91.18871561475032
ap1000,government,108.83425492259543
candu_ec6,government,96.50834036765937
ap1000,government,94.85768011584535
candu_ec6,government,90.18457261289664
ap1000,government,104.73602083064418
candu_ec6,government,91.18323424228474
ap1000,government,95.51256708710133
candu_ec6,government,100.34520198249211
ap1000,government,102.5114098731299
candu_ec6,government,102.53201283714715
ap1000,government,101.22490326486236
candu_ec6,government,100.61944967864359
ap1000,government,103.32996849652501
candu_ec6,government,92.60120806077367
ap1000,government,103.71516433301359
candu_ec6,government,99.47775912750456
ap1000,government,97.42482867208088
candu_ec6,government,103.4646849569624
ap1000,government,100.92187439050662
candu_ec6,government,96.39530073001532
ap1000,government,91.54250134462421
candu_ec6,government,89.61261490269715
ap1000,government,96.1003541183448
candu_ec6,government,97.97268167579755
ap1000,government,99.40884852880465
candu_ec6,government,94.60174420372869
ap1000,government,95.61026299969048
candu_ec6,government,87.07561364166381
ap1000,government,107.90996884424165
candu_ec6,government,100.22018611556703
ap1000,government,88.35770986584853
candu_ec6,government,97.45567394221523
ap1000,government,101.55613264890833
candu_ec6,government,91.32075712270961
ap1000,government,87.5449322794025
candu_ec6,government,100.23151815408418
ap1000,government,94.01021467934156
candu_ec6,government,100.30716754393171
ap1000,government,87.41762520077063
candu_ec6,government,95.43470793139434
ap1000,government,91.98136321046073
candu_ec6,government,96.01753477627369
ap1000,government,99.70291045823538
candu_ec6,government,98.75712891448327
ap1000,government,94.23977910954999
candu_ec6,government,102.91915921513376
ap1000,government,91.9573702666874
candu_ec6,government,95.69475621142423
ap1000,government,87.03348233528283
candu_ec6,government,101.91119347770075
ap1000,government,98.5599331526144
candu_ec6,government,95.15963979012369
ap1000,government,100.94571488592281
candu_ec6,government,96.54440923145351
ap1000,government,102.44424529171249
candu_ec6,government,89.96252359064647
ap1000,government,101.54639159497091
candu_ec6,government,105.46407398554307
ap1000,government,104.16424180058922
candu_ec6,government,101.15716261125785
ap1000,government,101.31619527263858
candu_ec6,government,88.10274261184145
ap1000,government,101.23236272370852
candu_ec6,government,87.37842003044811
ap1000,government,97.77047169642479
candu_ec6,government,101.88816220276703
ap1000,government,100.29738736973592
candu_ec6,government,94.9689320509434
ap1000,government,102.3381838852728
candu_ec6,government,96.95441325852472
ap1000,government,99.90616713282094
candu_ec6,government,93.72594085810967
ap1000,government,84.13467517910239
candu_ec6,government,89.22953265120265
ap1000,government,100.39824573777433
candu_ec6,government,97.82675800334582
ap1000,government,88.37847111889992
candu_ec6,government,100.50100161233469
ap1000,government,95.35492226883218
candu_ec6,government,97.02976218423272
ap1000,government,88.40138860840192
candu_ec6,government,94.95030131471222
ap1000,government,92.01672405339568
candu_ec6,government,99.78132715209286
ap1000,government,105.73452940865666
candu_ec6,government,97.37096269612157
ap1000,government,92.09557097187829
candu_ec6,government,101.07749696441545
ap1000,government,99.44308003185259
candu_ec6,government,101.85208858162285
ap1000,government,94.2249848472024
candu_ec6,government,103.1702832082859
ap1000,government,86.19711885954631
candu_ec6,government,94.28406071499693
ap1000,government,99.6491683587109
candu_ec6,government,96.01853927215069
ap1000,government,98.41348516419454
candu_ec6,government,93.5583824117506
ap1000,government,106.44986336440988
candu_ec6,government,97.55828667357862
ap1000,government,105.7847514445419
candu_ec6,government,92.27738143352872
ap1000,government,109.51820104105053
candu_ec6,government,100.58987789475262
ap1000,government,100.24207188310957
candu_ec6,government,90.74337282412593
ap1000,government,98.32698830081507
candu_ec6,government,89.05128707444653
ap1000,government,100.35607478156517
candu_ec6,government,100.35818096752455
ap1000,government,98.03070583058543
candu_ec6,government,96.99477545998722
ap1000,government,98.4439061993564
candu_ec6,government,103.87055410184415
ap1000,government,87.95318986031573
candu_ec6,government,99.86557918811563
ap1000,government,108.93301181404175
candu_ec6,government,106.13382787510808
ap1000,government,101.4506269969586
candu_ec6,government,95.2514023697742
ap1000,government,99.06350534648767
candu_ec6,government,92.65126037905156
ap1000,government,90.4473248238677
candu_ec6,government,99.41907876121368
ap1000,government,90.16254422818209
candu_ec6,government,95.0118917059553
ap1000,government,102.26272888151512
candu_ec6,government,98.61676952030206
ap1000,government,91.51319606686032
candu_ec6,government,104.25122528018953
ap1000,government,102.56481848072094
candu_ec6,government,96.49440460811556
ap1000,government,97.76601352753413
candu_ec6,government,98.23173984566607
ap1000,government,111.6678130840654
candu_ec6,government,103.225989049586
ap1000,government,97.17648180356795
candu_ec6,government,97.80558386232006
ap1000,government,86.36169905928804
candu_ec6,government,92.53018793393377
ap1000,government,105.19918223235571
candu_ec6,government,97.18787576286047
ap1000,government,88.69973547122353
candu_ec6,government,97.4306310135548
ap1000,government,99.71499569407302
candu_ec6,government,91.60559797667379
ap1000,government,104.58038111220829
candu_ec6,government,106.08213579818161
ap1000,government,101.64457501772445
candu_ec6,government,91.88534119582478
ap1000,government,104.09677216745636
candu_ec6,government,95.99129104907652
ap1000,government,91.7186159637211
candu_ec6,government,96.2611807486679
ap1000,government,89.52154511485409
candu_ec6,government,96.25154346826923
ap1000,government,101.51941618590863
candu_ec6,government,94.8768369598408
ap1000,government,99.92622017981179
candu_ec6,government,104.78076031648042
ap1000,government,103.12360364931914
candu_ec6,government,88.69554375034879
ap1000,government,100.30125299490084
candu_ec6,government,95.90414968295876
ap1000,government,95.72764941079674
candu_ec6,government,88.25970989004514
ap1000,government,90.986437832385
candu_ec6,government,91.61143612681603
ap1000,government,100.68811861360604
candu_ec6,government,93.48805243584894
ap1000,government,91.13273858168375
candu_ec6,government,94.88746012287129
ap1000,government,98.316630062891
candu_ec6,government,91.6962678228981
ap1000,government,89.9461824973526
candu_ec6,government,96.15504061915284
ap1000,government,92.15545595723637
candu_ec6,government,95.99651355431548
ap1000,government,105.11703264465622
candu_ec6,government,101.55215276546102
ap1000,government,96.61181976847548
candu_ec6,government,95.859613703592
ap1000,government,102.53506654245554
candu_ec6,government,87.18758077583092
ap1000,government,96.75870794463391
candu_ec6,government,94.35034486783648
ap1000,government,96.3369515384291
candu_ec6,government,98.37882057849662
ap1000,government,100.33448385255984
candu_ec6,government,102.96878455144048
ap1000,government,92.8922389176376
candu_ec6,government,94.72031450282839
ap1000,government,106.02036761402618
candu_ec6,government,91.38209777838055
ap1000,government,92.38610678629385
candu_ec6,government,90.6879689177283
ap1000,government,106.14996740239863
candu_ec6,government,101.85460945979123
ap1000,government,84.4381959208841
candu_ec6,government,92.51462404601921
ap1000,government,92.3402782306984
candu_ec6,government,93.13271546741383
ap1000,government,102.404933334287
candu_ec6,government,101.19132914411445
ap1000,government,103.5695104609628
candu_ec6,government,95.12717247015377
ap1000,government,98.01130281861536
candu_ec6,government,90.20272106683817
ap1000,government,106.02025585290171
candu_ec6,government,96.29679986813295
ap1000,government,101.33292654722563
candu_ec6,government,101.76944032051607
ap1000,government,95.73800618922304
candu_ec6,government,99.7780270986709
ap1000,government,91.07750276707617
candu_ec6,government,100.12874785497428
ap1000,government,101.22128313650646
candu_ec6,government,101.62225547473206
ap1000,government,84.89811438161135
candu_ec6,government,96.623278650218
ap1000,government,101.79010398934318
candu_ec6,government,100.9777151781624
ap1000,government,101.359105180062
candu_ec6,government,89.02338542605433
ap1000,government,90.51981266037018
candu_ec6,government,95.01025241826258
ap1000,government,97.69607722578169
candu_ec6,government,102.32938021153699
ap1000,government,99.00112321032528
candu_ec6,government,90.73903959595471
ap1000,government,98.22932412757238
candu_ec6,government,97.01595802876733
ap1000,government,94.86813597118274
candu_ec6,government,97.78895876194791
ap1000,government,99.78190382303035
candu_ec6,government,95.69502959731581
ap1000,government,95.70082078551097
candu_ec6,government,97.02019317427671
ap1000,government,95.65039427125127
candu_ec6,government,100.02841422671794
ap1000,government,90.52324391413656
candu_ec6,government,104.4357317372883
ap1000,government,105.35985832968034
candu_ec6,government,96.87262578326012
ap1000,government,97.50017324715824
candu_ec6,government,93.15502865503532
ap1000,government,94.12008406624457
candu_ec6,government,90.7593648900707
ap1000,government,97.6176569301588
candu_ec6,government,94.8849397371731
ap1000,government,99.77751474970074
candu_ec6,government,91.6677387088442
ap1000,government,99.86622546028211
candu_ec6,government,92.88401117799984
ap1000,government,99.0707721922497
candu_ec6,government,97.53629578231
ap1000,government,104.3836807545868
candu_ec6,government,91.95933479171781
ap1000,government,97.03370287985585
candu_ec6,government,98.7361434787588
ap1000,government,91.87226446612921
candu_ec6,government,91.20092574365555
ap1000,government,98.06548247852697
candu_ec6,government,99.29884855191007
ap1000,government,102.84636860621713
candu_ec6,government,109.63885722472766
ap1000,government,104.16623932611351
candu_ec6,government,100.49953226739079
ap1000,government,100.28971981075102
candu_ec6,government,96.64818869522917
ap1000,government,94.39350520380147
candu_ec6,government,96.82293144258216
ap1000,government,100.96599657805535
candu_ec6,government,101.15344044116715
ap1000,government,95.24882950722431
candu_ec6,government,96.00954085373856
ap1000,government,108.77956981756523
candu_ec6,government,96.64605821787175
ap1000,government,90.33171062195758
candu_ec6,government,96.71526235236693
ap1000,government,100.65958858691562
candu_ec6,government,87.40752741369718
ap1000,government,99.19899407054693
candu_ec6,government,101.89063552777216
ap1000,government,88.53245612468369
candu_ec6,government,91.09929903275484
ap1000,government,105.31909729883895
candu_ec6,government,99.07876634405143
ap1000,government,91.16639684684544
candu_ec6,government,94.74616784931072
ap1000,government,101.57423291559219
candu_ec6,government,90.48843065249285
ap1000,government,97.43831381177999
candu_ec6,government,99.55103013475274
ap1000,government,101.97679641243842
candu_ec6,government,102.17021742991066
ap1000,government,98.87767489135159
candu_ec6,government,90.31247471803901
ap1000,government,93.20268608568497
candu_ec6,government,99.27355472679199
ap1000,government,94.86872445842636
candu_ec6,government,89.26824686458033
ap1000,government,106.78833467077253
candu_ec6,government,94.21796309796053
ap1000,government,101.73565593342758
candu_ec6,government,94.3580304435964
ap1000,government,95.79980686435661
candu_ec6,government,97.11218133966811
ap1000,government,101.82999489849696
candu_ec6,government,97.42478884896252
ap1000,government,104.04058379718539
candu_ec6,government,97.06078634927552
ap1000,government,99.47292541539257
candu_ec6,government,97.32424124370058
ap1000,government,104.98971696224122
candu_ec6,government,95.799662592445
ap1000,government,100.20592288898803
candu_ec6,government,97.02117200046753
ap1000,government,109.13367844816027
candu_ec6,government,100.62062606281455
ap1000,government,97.03067739789705
candu_ec6,government,93.73749769454923
ap1000,government,105.46108748360344
candu_ec6,government,90.36478279544173
ap1000,government,87.06893037407364
candu_ec6,government,98.2497683464308
ap1000,government,98.00728304260844
candu_ec6,government,97.25571700071849
ap1000,government,91.1832568807073
candu_ec6,government,98.62555636154742
ap1000,government,96.0488733442086
candu_ec6,government,96.96126154889892
ap1000,government,95.08179679576006
candu_ec6,government,106.14313910616863
ap1000,government,94.30946682800443
candu_ec6,government,98.90634460022679
ap1000,government,93.82301655135255
candu_ec6,government,95.6201502112639
ap1000,government,94.24482236115495
candu_ec6,government,91.76342790048602
ap1000,government,94.58910168023019
candu_ec6,government,94.36179463448183
ap1000,government,85.54921070823501
candu_ec6,government,87.58116968365901
ap1000,government,97.83336130556339
candu_ec6,government,94.69804624257097
ap1000,government,97.82107642008594
candu_ec6,government,93.75312807278655
ap1000,government,99.2521164538675
candu_ec6,government,97.98535315692517
ap1000,government,98.39163761989734
candu_ec6,government,97.15492134428172
ap1000,government,103.59878618747312
candu_ec6,government,95.48165718847488
ap1000,government,98.05432825238746
candu_ec6,government,102.88441820601474
ap1000,government,89.0870440051902
candu_ec6,government,91.47490164120984
ap1000,government,106.72610752887077
candu_ec6,government,103.3641416576829
ap1000,government,100.66322311380169
candu_ec6,government,93.90517107342174
ap1000,government,91.72075350747035
candu_ec6,government,94.41141686735686
ap1000,government,94.02658546780026
candu_ec6,government,96.35501656769569
ap1000,government,95.33998367516257
candu_ec6,government,91.05182106297318
ap1000,government,93.53422412004386
candu_ec6,government,95.95113543286718
ap1000,government,106.03072522394713
candu_ec6,government,95.44911557093182
ap1000,government,92.58057697228699
candu_ec6,government,99.71134665523802
ap1000,government,97.95093434617806
candu_ec6,government,93.82398471225407
ap1000,government,96.05243365172241
candu_ec6,government,101.78275953693597
ap1000,government,101.15666753179
candu_ec6,government,101.00535114035821
ap1000,government,99.23736955552664
candu_ec6,government,93.80417194434267
ap1000,government,96.13238631002089
candu_ec6,government,96.08547627240802
ap1000,government,96.39264201537884
candu_ec6,government,92.10377055543638
ap1000,government,93.16692242542943
candu_ec6,government,93.89376396776824
ap1000,government,97.32563407076938
candu_ec6,government,89.85592365534163
ap1000,government,103.85588089826243
candu_ec6,government,100.37754117892464
ap1000,government,108.17450610736854
candu_ec6,government,98.5654439287422
ap1000,government,100.4887731337316
candu_ec6,government,89.28869517368634
ap1000,government,103.98807269613074
candu_ec6,government,93.78058582226022
ap1000,government,107.17984137157096
candu_ec6,government,94.17336885998222
ap1000,government,92.23690776472543
candu_ec6,government,97.7729062200432
ap1000,government,93.26675976521386
candu_ec6,government,109.46722527923059
ap1000,government,100.0174018987671
candu_ec6,government,100.29971442274113
ap1000,government,104.9660960729416
candu_ec6,government,93.0894437167805
ap1000,government,102.22807941506888
candu_ec6,government,96.88425129865743
ap1000,government,100.61254107683602
candu_ec6,government,105.04199263130117
ap1000,government,97.95919817565074
candu_ec6,government,97.00398586266154
ap1000,government,103.0009066952437
candu_ec6,government,94.40373490933767
ap1000,government,87.05141973659792
candu_ec6,government,93.84927786482216
ap1000,government,95.70211544459804
candu_ec6,government,97.6892428186726
ap1000,government,97.03562422130324
candu_ec6,government,103.96400826455803
ap1000,government,97.00075645367835
candu_ec6,government,100.33060422825952
ap1000,government,99.24686517830948
candu_ec6,government,98.25429723324055
ap1000,government,91.47279473790259
candu_ec6,government,93.57945445051888
ap1000,government,101.30953986827936
candu_ec6,government,100.8732154109551
ap1000,government,100.67370169644153
candu_ec6,government,97.11284392197939
ap1000,government,90.33275860176145
candu_ec6,government,95.92833378419452
ap1000,government,104.02045936117406
candu_ec6,government,90.13043598329449
ap1000,government,91.95934555682102
candu_ec6,government,88.5728080141652
ap1000,government,95.91911604768704
candu_ec6,government,91.63189070121742
ap1000,government,102.15364063044734
candu_ec6,government,91.84033812876348
ap1000,government,97.99321077243623
candu_ec6,government,91.72501878475667
ap1000,government,92.18483081825148
candu_ec6,government,105.9890050815386
ap1000,government,107.22449323096696
candu_ec6,government,98.24166431349121
ap1000,government,97.63718161851729
candu_ec6,government,91.31929063525561
ap1000,government,97.62633351098677
candu_ec6,government,91.81312545504004
ap1000,government,99.79027079516595
candu_ec6,government,97.51585117917196
ap1000,government,104.59720808893917
candu_ec6,government,88.90961068442374
ap1000,government,100.67495313364599
candu_ec6,government,99.35590610364982
ap1000,government,88.2174441101513
candu_ec6,government,99.58229127525338
ap1000,government,109.98587824055919
candu_ec6,government,89.01055329794194
ap1000,government,101.76874477138283
candu_ec6,government,94.31748943832618
ap1000,government,95.89088277708801
candu_ec6,government,96.8762040562405
ap1000,government,88.8955450407222
candu_ec6,government,105.48864036914073
ap1000,government,88.43638646689853
candu_ec6,government,99.22342120626764
ap1000,government,108.94558014719613
candu_ec6,government,101.79685492480905
ap1000,government,104.26744774342819
candu_ec6,government,96.25698326251981
ap1000,government,100.4696853830266
candu_ec6,government,99.1731682292977
ap1000,government,102.06080018251447
candu_ec6,government,100.37525577999642
ap1000,government,103.542067660585
candu_ec6,government,101.7990264771691
ap1000,government,88.2418564791607
candu_ec6,government,91.63533756697029
ap1000,government,104.65236019946518
candu_ec6,government,93.48123985425194
ap1000,government,104.17580128100421
candu_ec6,government,94.69230374112254
ap1000,government,89.36066407475772
candu_ec6,government,92.81311422119394
ap1000,government,100.59806920221355
candu_ec6,government,96.51917947942951
ap1000,government,106.4776606958409
candu_ec6,government,103.51392957072919
ap1000,government,89.06178795978546
candu_ec6,government,102.12123760557232
ap1000,government,104.64834217272873
candu_ec6,government,88.46757746683727
ap1000,government,102.103371045454
candu_ec6,government,91.93573394370902
ap1000,government,89.50148037774677
candu_ec6,government,94.5469093858803
ap1000,government,85.41486010115068
candu_ec6,government,87.2083689405214
ap1000,government,110.21874313634787
candu_ec6,government,91.0844353827857
ap1000,government,88.17541486222159
candu_ec6,government,91.75271619511557
ap1000,government,96.83950177140976
candu_ec6,government,96.25157691584998
ap1000,government,94.27506323469005
candu_ec6,government,96.48900929983944
ap1000,government,100.11837013715986
candu_ec6,government,97.50694380603858
ap1000,government,88.71549301760653
candu_ec6,government,101.66487121951525
ap1000,government,99.58091249040088
candu_ec6,government,92.96571798264414
ap1000,government,98.56438933239602
candu_ec6,government,91.67511339899863
ap1000,government,108.2547404940628
candu_ec6,government,99.64845181619425
ap1000,government,101.4703770931529
candu_ec6,government,94.78927526804493
ap1000,government,98.43420414224816
candu_ec6,government,94.61231520342035
ap1000,government,95.8598405917171
candu_ec6,government,97.79277190094726
ap1000,government,95.35540503873732
candu_ec6,government,91.84279386473479
ap1000,government,100.33927639445352
candu_ec6,government,96.09183188588597
ap1000,government,102.56165350941183
candu_ec6,government,103.52105308121422
ap1000,government,100.17996597572491
candu_ec6,government,87.49719939804716
ap1000,government,96.80809904377817
candu_ec6,government,103.48232220544531
ap1000,government,96.48138527880181
candu_ec6,government,100.84707676992441
ap1000,government,102.0660797152514
candu_ec6,government,93.00466970169919
ap1000,government,102.98729729266438
candu_ec6,government,95.06346241452856
ap1000,government,103.89062540235376
candu_ec6,government,93.30036211111475
ap1000,government,107.3455630943208
candu_ec6,government,99.53297152011888
ap1000,government,99.90434601215635
candu_ec6,government,98.57143140635536
ap1000,government,109.27349734246688
candu_ec6,government,97.7728237410225
ap1000,government,114.04081590258616
candu_ec6,government,96.44676017299825
ap1000,government,100.75684144648625
candu_ec6,government,97.62218585792577
ap1000,government,83.51817654227465
candu_ec6,government,100.64698739481037
ap1000,government,96.11291201317256
candu_ec6,government,100.48150495789473
ap1000,government,106.37810105691204
candu_ec6,government,102.73970786010682
ap1000,government,95.28579065511386
candu_ec6,government,95.19182296802921
ap1000,government,91.23883415278837
candu_ec6,government,94.48793572906906
ap1000,government,102.30508687919023
candu_ec6,government,97.67392785336537
ap1000,government,98.14750550249624
candu_ec6,government,88.73971211858134
ap1000,government,108.27605691885799
candu_ec6,government,99.1113290073866
ap1000,government,94.74915779110333
candu_ec6,government,88.39578618793684
ap1000,government,90.25377755054855
candu_ec6,government,86.71444597003207
ap1000,government,94.56717815933331
candu_ec6,government,102.7934189773433
ap1000,government,92.71303152867951
candu_ec6,government,94.77099965725806
ap1000,government,100.9776038298512
candu_ec6,government,93.18347332206557
ap1000,government,96.58898094847082
candu_ec6,government,99.9184885142225
ap1000,government,98.54374792844582
candu_ec6,government,101.750168571263
ap1000,government,100.43328109229543
candu_ec6,government,96.3369471195896
ap1000,government,100.51360287829758
candu_ec6,government,101.07987585288156
ap1000,government,106.32309417345476
candu_ec6,government,95.0698325501614
ap1000,government,106.4559123571066
candu_ec6,government,91.66816909076798
ap1000,government,95.16145120889247
candu_ec6,government,101.60734867075324
ap1000,government,98.73787943592252
candu_ec6,government,96.73338374614814
ap1000,government,94.71081476272596
candu_ec6,government,96.32582763463333
ap1000,government,96.76333774569967
candu_ec6,government,93.75678466669751
ap1000,government,97.35822221106216
candu_ec6,government,101.5326504853388
ap1000,government,99.97861934778211
candu_ec6,government,91.18102632144907
ap1000,government,96.91048020797587
candu_ec6,government,95.40846147393718
ap1000,government,96.96114673163967
candu_ec6,government,94.54144885396599
ap1000,government,107.46695548784582
candu_ec6,government,88.28589278036883
ap1000,government,93.80228195643433
candu_ec6,government,93.9385925915557
ap1000,government,105.65441005861776
candu_ec6,government,96.11274647698019
ap1000,government,101.6377756232775
candu_ec6,government,96.78126037393066
ap1000,government,85.07712224668481
candu_ec6,government,101.56328493678977
ap1000,government,98.34442572801036
candu_ec6,government,102.0256793059421
ap1000,government,101.15901165269237
candu_ec6,government,96.82648562852414
ap1000,government,89.5449754767455
candu_ec6,government,93.53632934832935
ap1000,government,101.76835297131412
candu_ec6,government,95.62154188687907
ap1000,government,100.06771656150413
candu_ec6,government,98.2710674345606
ap1000,government,105.63250870914965
candu_ec6,government,99.29240132325677
ap1000,government,96.2987340154543
candu_ec6,government,92.84593641323052
ap1000,government,105.86972674556287
candu_ec6,government,99.20385463139911
ap1000,government,94.45279395672704
candu_ec6,government,96.96403229784991
ap1000,government,101.96378814340756
candu_ec6,government,95.08557149015614
ap1000,government,88.47279979853761
candu_ec6,government,100.09640829474773
ap1000,government,96.45477138487503
candu_ec6,government,95.80127317414656
ap1000,government,98.56489123297591
candu_ec6,government,97.91217346219958
ap1000,government,99.25205671944299
candu_ec6,government,104.41560529605447
ap1000,government,111.50514605393602
candu_ec6,government,100.55884198778487
ap1000,government,106.42715783173999
candu_ec6,government,94.8896350050438
ap1000,government,109.48859333385481
candu_ec6,government,89.48148367112303
ap1000,government,101.4573264211335
candu_ec6,government,96.10595466599518
ap1000,government,103.49922220691315
candu_ec6,government,96.76871078874859
ap1000,government,99.36712543375116
candu_ec6,government,93.47095904029327
ap1000,government,92.09234687676161
candu_ec6,government,97.82482083816693
ap1000,government,91.27082667273405
candu_ec6,government,99.04203083853875
ap1000,government,102.06408568106836
candu_ec6,government,100.81106540891167
ap1000,government,94.93117585914624
candu_ec6,government,92.31271468389347
ap1000,government,89.3564518334163
candu_ec6,government,89.61175326323318
ap1000,government,95.50379398347731
candu_ec6,government,101.92258165374461
ap1000,government,88.70772286710711
candu_ec6,government,87.36497538855807
ap1000,government,95.24583544902926
candu_ec6,government,98.34163437058375
ap1000,government,99.25192517201471
candu_ec6,government,97.0571787732249
ap1000,government,103.24635100847874
candu_ec6,government,98.59980350096866
ap1000,government,95.14088076484724
candu_ec6,government,88.2137183779747
ap1000,government,104.75596767573019
candu_ec6,government,98.09810265638208
ap1000,government,102.99343404774949
candu_ec6,government,105.2551914337102
ap1000,government,105.92862833814176
candu_ec6,government,98.9329694511737
ap1000,government,107.61574448311617
candu_ec6,government,96.09132997675586
ap1000,government,98.81049725166326
candu_ec6,government,92.27177746026186
ap1000,government,103.25989437630538
candu_ec6,government,90.1380305104241
ap1000,government,103.47597529532055
candu_ec6,government,97.51404695056442
ap1000,government,107.35158091418012
candu_ec6,government,90.7248469169066
ap1000,government,103.98948616541767
candu_ec6,government,92.77171711056555
ap1000,government,89.80576950514177
candu_ec6,government,101.04517648246667
ap1000,government,93.7848191765199
candu_ec6,government,103.8734065955442
ap1000,government,97.86354580716356
candu_ec6,government,94.518593010225
ap1000,government,97.32387835287989
candu_ec6,government,95.88950944264302
ap1000,government,95.37031555142993
candu_ec6,government,100.86426881748747
ap1000,government,93.71101845572488
candu_ec6,government,96.06783794286017
ap1000,government,93.54046802647791
candu_ec6,government,91.50721394823776
ap1000,government,104.80334694921893
candu_ec6,government,90.07289976194566
ap1000,government,93.82142277089363
candu_ec6,government,93.42128104939603
ap1000,government,94.86396469271861
candu_ec6,government,94.83731300622352
ap1000,government,99.43042926943049
candu_ec6,government,99.88957445513073
ap1000,government,92.92074552340917
candu_ec6,government,99.05259443321759
ap1000,government,89.52501997272597
candu_ec6,government,100.1672327444602
ap1000,government,98.34022386747876
candu_ec6,government,101.03051057726552
ap1000,government,103.9947395539312
candu_ec6,government,101.39815017685682
ap1000,government,93.81398512754217
candu_ec6,government,100.09498922239794
ap1000,government,103.68983614114536
candu_ec6,government,94.71436062005927
ap1000,government,92.3076163710624
candu_ec6,government,96.19649935660773
ap1000,government,103.29345278381341
candu_ec6,government,88.37586151570633
ap1000,government,95.12512083233214
candu_ec6,government,95.8898656291425
ap1000,government,91.68224050211377
candu_ec6,government,94.25933835246573
ap1000,government,94.0210682848016
candu_ec6,government,92.83193763148284
ap1000,government,104.51914300274063
candu_ec6,government,96.99568432481854
ap1000,government,102.57393125258865
candu_ec6,government,101.00430032316363
ap1000,government,91.60874857418779
candu_ec6,government,93.60076209029756
ap1000,government,101.69841715134956
candu_ec6,government,94.16596366766245
ap1000,government,107.55427755326181
candu_ec6,government,99.27684647200398
ap1000,government,93.324810684086
candu_ec6,government,99.88949501843406
ap1000,government,104.80945170101937
candu_ec6,government,100.54306727192619
ap1000,government,95.3170332116229
candu_ec6,government,106.26008451216717
ap1000,government,98.53700803368889
candu_ec6,government,94.22901460484775
ap1000,government,99.3675291469694
candu_ec6,government,99.44609449726538
ap1000,government,104.36291508875728
candu_ec6,government,101.2578888756392
ap1000,government,93.85542113881797
candu_ec6,government,101.32376401363736
ap1000,government,102.11169783419295
candu_ec6,government,98.92231956538433
ap1000,government,86.91199303507476
candu_ec6,government,93.92868788122026
ap1000,government,108.5288522319444
candu_ec6,government,93.69105596921572
ap1000,government,90.2788471925563
candu_ec6,government,95.07396597687911
ap1000,government,90.09845607682412
candu_ec6,government,99.08701907426331
ap1000,government,83.79916030725539
candu_ec6,government,89.04291402181408
ap1000,government,102.80351747512388
candu_ec6,government,94.28337018297128
ap1000,government,88.45995783987935
candu_ec6,government,93.8643062253112
ap1000,government,90.55354151213832
candu_ec6,government,93.29866603313482
ap1000,government,106.08668788375769
candu_ec6,government,99.32887285054724
ap1000,government,98.46271811630237
candu_ec6,government,92.78890250660825
ap1000,government,94.52861101001147
candu_ec6,government,84.8155533418147
ap1000,government,101.53277700427822
candu_ec6,government,103.02183453379666
ap1000,government,95.04584915301218
candu_ec6,government,93.94928499601261
ap1000,government,100.4295945612509
candu_ec6,government,95.8828362511348
ap1000,government,104.78964733593408
candu_ec6,government,99.53027643663803
ap1000,government,100.1606155278189
candu_ec6,government,97.13933397747756
ap1000,government,98.44865905053916
candu_ec6,government,93.5610325307226
ap1000,government,92.04560997885099
candu_ec6,government,91.90024412136584
ap1000,government,101.54248244835773
candu_ec6,government,96.12570955763285
ap1000,government,100.91319795176491
candu_ec6,government,95.64322485300252
ap1000,government,94.23825859345754
candu_ec6,government,97.13722404625311
ap1000,government,104.17578043062491
candu_ec6,government,98.27959739477548
ap1000,government,105.08775541188774
candu_ec6,government,103.00329402326993
ap1000,government,101.76986812906846
candu_ec6,government,89.68947388051909
ap1000,government,106.50061517022333
candu_ec6,government,96.1862684400106
ap1000,government,104.3308567925898
candu_ec6,government,101.02352355525957
ap1000,government,92.07604891356819
candu_ec6,government,94.16790698700913
ap1000,government,101.62800775597665
candu_ec6,government,102.64983588474834
ap1000,government,94.73600484179214
candu_ec6,government,102.00784936587421
ap1000,government,102.94954894229723
candu_ec6,government,96.27911619944051
ap1000,government,90.17319339726191
candu_ec6,government,92.7897153932061
ap1000,government,90.86310092010889
candu_ec6,government,100.13103164261845
ap1000,government,100.5711035526349
candu_ec6,government,95.3186407837069
ap1000,government,93.33554107054846
candu_ec6,government,92.31885122396135
ap1000,government,99.04546261944266
candu_ec6,government,99.36741351257493
ap1000,government,104.95527705003343
candu_ec6,government,96.52633611239146
ap1000,government,107.15610867151301
candu_ec6,government,94.35659209286406
ap1000,government,100.15413139038546
candu_ec6,government,102.64555567113759
ap1000,government,97.05161478766269
candu_ec6,government,94.32171626744824
ap1000,government,94.10014043391436
candu_ec6,government,92.81647551671844
ap1000,government,94.2135893920194
candu_ec6,government,94.12113468784337
ap1000,government,108.12412312847151
candu_ec6,government,95.07086887043565
ap1000,government,102.6602216598122
candu_ec6,government,93.90851522142553
ap1000,government,112.21029949796399
candu_ec6,government,99.7015274797498
ap1000,government,105.9088339020925
candu_ec6,government,97.86755120883782
ap1000,government,94.63399861821588
candu_ec6,government,98.99004193897636
ap1000,government,89.66035792228445
candu_ec6,government,96.94273338205187
ap1000,government,99.20591920133525
candu_ec6,government,95.17588910784306
ap1000,government,102.9375607463892
candu_ec6,government,99.57315423777882
ap1000,government,101.72644218695474
candu_ec6,government,94.75799114763427
ap1000,government,102.35920052759784
candu_ec6,government,97.83335423370366
ap1000,government,101.82111767165152
candu_ec6,government,91.20626676422982
ap1000,government,95.90408863927529
candu_ec6,government,92.82262153767725
ap1000,government,100.13355760054999
candu_ec6,government,98.00361593753826
ap1000,government,93.23912823310228
candu_ec6,government,101.25420914654404
ap1000,government,99.63126858057343
candu_ec6,government,89.36555785842215
ap1000,government,100.19701376415937
candu_ec6,government,93.49026444873459
ap1000,government,108.1165198162949
candu_ec6,government,90.75553962563018
ap1000,government,100.31973196733108
candu_ec6,government,100.43946409620537
ap1000,government,98.61355608121838
candu_ec6,government,96.95530034466506
ap1000,government,89.74128750243241
candu_ec6,government,96.38293879899008
ap1000,government,109.66255225586697
candu_ec6,government,90.67357378584734
ap1000,government,110.04019551453874
candu_ec6,government,99.79328362723092
ap1000,government,97.00296475468214
candu_ec6,government,94.67542964259671
ap1000,government,104.72919278975623
candu_ec6,government,94.91180604901494
ap1000,government,103.9901174772883
candu_ec6,government,107.21565498100634
ap1000,government,96.50916459375084
candu_ec6,government,97.80999804291184
ap1000,government,95.27518099328361
candu_ec6,government,92.60558571592988
ap1000,government,100.00189214231668
candu_ec6,government,92.49734748880518
ap1000,government,100.15645979318948
candu_ec6,government,102.55286516390734
ap1000,government,100.39802080346865
candu_ec6,government,102.94271318084064
ap1000,government,91.05723534122352
candu_ec6,government,96.9902303611039
ap1000,government,104.71871098226275
candu_ec6,government,100.58286313376941
ap1000,government,96.5568255598983
candu_ec6,government,96.56417588224134
ap1000,government,99.47567445805458
candu_ec6,government,105.45122223788114
ap1000,government,96.80171033183903
candu_ec6,government,92.27786898844585
ap1000,government,87.10580481948365
candu_ec6,government,92.08646955536398
ap1000,government,108.78838644128577
candu_ec6,government,103.37854030749578
ap1000,government,99.48971476525735
candu_ec6,government,93.36486147052825
ap1000,government,103.89589523903753
candu_ec6,government,93.26227721335489
ap1000,government,97.71826124039535
candu_ec6,government,95.63236627142767
ap1000,government,108.48585931221477
candu_ec6,government,103.99237448095023
ap1000,government,104.1286284685381
candu_ec6,government,93.68001106090254
ap1000,government,92.96571845945472
candu_ec6,government,89.76945534595328
ap1000,government,100.13051103579785
candu_ec6,government,100.86297294808088
ap1000,government,97.12453164848948
candu_ec6,government,93.90173963316911
ap1000,government,100.31409478604735
candu_ec6,government,91.67577532597963
ap1000,government,99.17498698813381
candu_ec6,government,96.6066510131614
ap1000,government,101.93475710747107
candu_ec6,government,98.06039361092083
ap1000,government,98.72222390964824
candu_ec6,government,94.82608483090218
ap1000,government,109.52120864945314
candu_ec6,government,92.81267980529847
ap1000,government,100.24042313532455
candu_ec6,government,98.64851519936623
ap1000,government,99.34061523388084
candu_ec6,government,102.03368689644039
ap1000,government,85.3219324377951
candu_ec6,government,100.54163864039225
ap1000,government,101.32051487903894
candu_ec6,government,98.67336410572025
ap1000,government,89.55708180573568
candu_ec6,government,93.74630499907435
ap1000,government,88.83468215776385
candu_ec6,government,93.28461127371938
ap1000,government,100.7544545355471
candu_ec6,government,89.4110691956092
ap1000,government,101.04700036504659
candu_ec6,government,101.40003986056563
ap1000,government,93.87071196635668
candu_ec6,government,96.23794149122548
ap1000,government,98.84613084800306
candu_ec6,government,95.10515769769651
ap1000,government,93.01404876733662
candu_ec6,government,107.62361812913335
ap1000,government,101.86206302278342
candu_ec6,government,97.46075659558065
ap1000,government,105.16931851738008
candu_ec6,government,98.77992234484319
ap1000,government,100.07855204224094
candu_ec6,government,93.8694810491573
ap1000,government,87.94791958886034
candu_ec6,government,89.8323169486036
ap1000,government,94.97919429706582
candu_ec6,government,94.95214680343878
ap1000,government,96.75527111715476
candu_ec6,government,93.96503332362549
ap1000,government,92.76366149537344
candu_ec6,government,92.27026425354548
ap1000,government,93.77522450051039
candu_ec6,government,96.81702715158009
ap1000,government,89.34502974493758
candu_ec6,government,96.72176421473802
ap1000,government,101.37821905551864
candu_ec6,government,88.9770905577518
ap1000,government,101.95553364575122
candu_ec6,government,105.88589952814179
ap1000,government,102.42894218149246
candu_ec6,government,97.09432847308433
ap1000,government,93.45734056481871
candu_ec6,government,106.1972609815304
ap1000,government,95.82094254915663
candu_ec6,government,96.22510700936222
ap1000,government,93.32247098549416
candu_ec6,government,93.78139983618482
ap1000,government,91.40792327230238
candu_ec6,government,95.72636187269029
ap1000,government,100.58873477598856
candu_ec6,government,99.3745771532305
ap1000,government,99.50717020941609
candu_ec6,government,97.40959203387902
ap1000,government,95.78629161864521
candu_ec6,government,92.11440312130952
ap1000,government,103.49899495038532
candu_ec6,government,93.35063670815727
ap1000,government,110.6978571980778
candu_ec6,government,102.0997492112484
ap1000,government,107.49219586707258
candu_ec6,government,93.81753671867725
ap1000,government,105.01019928616712
candu_ec6,government,96.47572086601149
ap1000,government,90.53437837875877
candu_ec6,government,91.04881709204906
ap1000,government,108.50509665202584
candu_ec6,government,107.85784835793903
ap1000,government,86.5515191484745
candu_ec6,government,94.2075455995688
ap1000,government,103.77541817838738
candu_ec6,government,103.86903459137623
ap1000,government,102.50160476778221
candu_ec6,government,94.00627407370801
ap1000,government,101.579568890581
candu_ec6,government,102.46936091290313
ap1000,government,105.92582544985851
candu_ec6,government,91.29473891853479
ap1000,government,104.32328132355138
candu_ec6,government,98.9729332729933
ap1000,government,108.25722940989397
candu_ec6,government,99.32181919311296
ap1000,government,105.87830518391078
candu_ec6,government,96.58627305574049
ap1000,government,80.8869516148582
candu_ec6,government,93.55020673507758
ap1000,government,90.29016850324187
candu_ec6,government,101.90426048355367
ap1000,government,85.70044374658994
candu_ec6,government,101.5376720785363
ap1000,government,100.71517026409911
candu_ec6,government,95.1161137162335
ap1000,government,102.12330856372816
candu_ec6,government,97.97108503225158
ap1000,government,94.78893531844514
candu_ec6,government,96.11301808780199
ap1000,government,99.82895455544356
candu_ec6,government,99.07709491825307
ap1000,government,101.09106809031908
candu_ec6,government,99.11323063394224
ap1000,government,99.96513763870034
candu_ec6,government,101.6395014658834
ap1000,government,109.85101774749778
candu_ec6,government,109.06432245300098
ap1000,government,107.86689985494077
candu_ec6,government,98.87088086877841
ap1000,government,100.89221982744569
candu_ec6,government,93.79533793748364
ap1000,government,99.09192982128128
candu_ec6,government,92.32482482277356
ap1000,government,84.18906000540392
candu_ec6,government,96.20599302001708
ap1000,government,101.0088580327072
candu_ec6,government,91.5215335825508
ap1000,government,105.4804303298886
candu_ec6,government,97.24926501529266
ap1000,government,97.44146027911515
candu_ec6,government,102.63133219821047
ap1000,government,84.90355123240907
candu_ec6,government,91.49591000140065
ap1000,government,92.88821177420897
candu_ec6,government,93.38208431238844
ap1000,government,87.54367941947991
candu_ec6,government,88.02012284122326
ap1000,government,108.58694919747725
candu_ec6,government,101.22200978115887
ap1000,government,86.14371960239556
candu_ec6,government,96.24906825374846
ap1000,government,106.0944210912605
candu_ec6,government,108.56567198572326
ap1000,government,96.39951374698886
candu_ec6,government,99.64544847399247
ap1000,government,88.5403824076419
candu_ec6,government,98.11284739587462
ap1000,government,89.73374508991091
candu_ec6,government,96.69123795854387
ap1000,government,100.32861932150006
candu_ec6,government,97.55377156352243
ap1000,government,102.90623496570007
candu_ec6,government,101.6268968091714
ap1000,government,102.49746355029652
candu_ec6,government,90.05135263607814
ap1000,government,99.90643672549326
candu_ec6,government,89.23354957776155
ap1000,government,97.15918894471251
candu_ec6,government,90.51456902324338
ap1000,government,101.94774919856879
candu_ec6,government,105.23790027872604
ap1000,government,104.05956988618276
candu_ec6,government,96.04122460585674
ap1000,government,96.61418321852604
candu_ec6,government,96.16823363992495
ap1000,government,101.05992915429209
candu_ec6,government,90.52089049754856
ap1000,government,92.52180965973311
candu_ec6,government,88.63074754367207
ap1000,government,87.62149451395501
candu_ec6,government,92.11915079997256
ap1000,government,100.5151450772197
candu_ec6,government,97.3819721857878
ap1000,government,95.97634862382681
candu_ec6,government,96.53147260009364
ap1000,government,88.65021032266611
candu_ec6,government,95.94926363015863
ap1000,government,92.23311852127657
candu_ec6,government,101.99584341691865
ap1000,government,107.32074448610577
candu_ec6,government,90.88148951815178
ap1000,government,91.4004024943395
candu_ec6,government,95.01984838020518
ap1000,government,99.33805391683464
candu_ec6,government,96.38109488498915
ap1000,government,98.299118354089
candu_ec6,government,96.48047171057372
ap1000,government,103.96122904351255
candu_ec6,government,95.83634097203384
ap1000,government,105.60456988409427
candu_ec6,government,100.97409276473137
ap1000,government,105.16842671955283
candu_ec6,government,97.66699032951692
ap1000,government,105.48403667569924
candu_ec6,government,103.91807405581532
ap1000,government,105.80106169506087
candu_ec6,government,98.91427506489651
ap1000,government,100.70768236378653
candu_ec6,government,89.07697335624319
ap1000,government,95.68379805292035
candu_ec6,government,90.27769467547158
ap1000,government,96.81049742893205
candu_ec6,government,94.19482383256403
ap1000,government,91.2650019313022
candu_ec6,government,98.89617582268642
ap1000,government,106.46098200672174
candu_ec6,government,97.88468664491623
ap1000,government,97.31433284294184
candu_ec6,government,98.55497980128989
ap1000,government,86.92289017528574
candu_ec6,government,94.14013584135132
ap1000,government,102.22335994255057
candu_ec6,government,99.26452705140414
ap1000,government,97.39060815754083
candu_ec6,government,108.79977246070065
ap1000,government,100.09575006842489
candu_ec6,government,89.9913998818216
ap1000,government,98.41841074179435
candu_ec6,government,96.61109098787104
ap1000,government,102.53481029193345
candu_ec6,government,97.87310421886107
ap1000,government,86.38900278637117
candu_ec6,government,95.32743255924113
ap1000,government,86.34350001163756
candu_ec6,government,93.5869067341559
ap1000,government,93.93063962555343
candu_ec6,government,92.07188498857009
ap1000,government,101.00799718743588
candu_ec6,government,101.17986545522719
ap1000,government,97.03047861903839
candu_ec6,government,91.29906750829369
ap1000,government,93.42385314326721
candu_ec6,government,99.38501493247426
ap1000,government,97.82984193725906
candu_ec6,government,94.00390667187962
ap1000,government,89.07805940963411
candu_ec6,government,101.46275267630921
ap1000,government,99.8752163826754
candu_ec6,government,92.40233067379712
ap1000,government,102.27816559624164
candu_ec6,government,100.34328354686414
ap1000,government,106.79134504496551
candu_ec6,government,94.86204274192315
ap1000,government,95.23383741443891
candu_ec6,government,93.97737865409937
ap1000,government,99.58340233029239
candu_ec6,government,100.02555359535195
ap1000,government,90.84356776283511
candu_ec6,government,91.2867421481399
ap1000,government,100.07152423313224
candu_ec6,government,97.55440791747425
ap1000,government,97.03750613944734
candu_ec6,government,95.28903979000997
ap1000,government,96.7321268938937
candu_ec6,government,90.2779633014498
ap1000,government,105.06251854673916
candu_ec6,government,95.8172086446349
ap1000,government,102.14822187839854
candu_ec6,government,92.78176003256803
ap1000,government,93.41970108377477
candu_ec6,government,97.22860000284427
ap1000,government,100.25990685025346
candu_ec6,government,91.35143294124123
ap1000,government,93.63755881294551
candu_ec6,government,99.01895118985328
ap1000,government,89.32358022073177
candu_ec6,government,98.07150156733101
ap1000,government,108.45075019479947
candu_ec6,government,99.67828985818834
ap1000,government,92.25374338367706
candu_ec6,government,93.65439554372392
ap1000,government,100.2386792802349
candu_ec6,government,99.58670569099712
ap1000,government,93.1487367919953
candu_ec6,government,94.57060799787968
ap1000,government,107.24966267662278
candu_ec6,government,92.78432057342958
ap1000,government,93.38184756909467
candu_ec6,government,96.65663218846434
ap1000,government,98.1857400769911
candu_ec6,government,89.82470086936742
ap1000,government,96.11157408642408
candu_ec6,government,90.80246743731838
ap1000,government,98.00310360599384
candu_ec6,government,92.99157753368287
ap1000,government,92.08853924028458
candu_ec6,government,100.12171636899079
ap1000,government,91.28931823629809
candu_ec6,government,104.2709908652623
ap1000,government,89.99651959853108
candu_ec6,government,88.23484658251776
ap1000,government,89.42795660644698
candu_ec6,government,92.72451329091685
ap1000,government,99.16608766931816
candu_ec6,government,95.74158688913073
ap1000,government,101.67713717098594
candu_ec6,government,97.8002562519901
ap1000,government,109.26967060487935
candu_ec6,government,103.2031179829451
ap1000,government,104.63634495398203
candu_ec6,government,95.6177043505541
ap1000,government,110.16877797845187
candu_ec6,government,103.03737541352466
ap1000,government,112.35387814902023
candu_ec6,government,97.20813772771798
ap1000,government,84.1047032758488
candu_ec6,government,96.27337408816524
ap1000,government,91.76867160483064
candu_ec6,government,100.82978720329594
ap1000,government,92.53296647092945
candu_ec6,government,92.36660927347047
ap1000,government,105.24931806808186
candu_ec6,government,98.03708247088885
ap1000,government,97.78734377409245
candu_ec6,government,105.19032997260607
ap1000,government,92.35302054921756
candu_ec6,government,95.06534042605453
ap1000,government,100.1275452025529
candu_ec6,government,98.08242761371194
ap1000,government,95.23403538831099
candu_ec6,government,102.14476159724394
ap1000,government,109.12710593929022
candu_ec6,government,93.68404576385234
ap1000,government,103.1639288261118
candu_ec6,government,96.14361344757639
ap1000,government,105.76597180168662
candu_ec6,government,94.03961107629866
ap1000,government,103.27412337570823
candu_ec6,government,95.39783494697721
ap1000,government,90.1814024697293
candu_ec6,government,94.48758718421182
ap1000,government,92.80619646411188
candu_ec6,government,91.87805169136215
ap1000,government,89.58119167682439
candu_ec6,government,90.6742830597566
ap1000,government,84.81587975332904
candu_ec6,government,92.55427118885466
ap1000,government,101.84731273657415
candu_ec6,government,96.55936746429386
ap1000,government,109.05387829342288
candu_ec6,government,93.15908084185844
ap1000,government,100.95063585336003
candu_ec6,government,99.19371598159483
ap1000,government,105.26127781984157
candu_ec6,government,95.17166233043766
ap1000,government,100.96109738882731
candu_ec6,government,97.9953297000128
ap1000,government,98.53867701720979
candu_ec6,government,96.31716020110481
ap1000,government,96.43520483527365
candu_ec6,government,99.33866177835299
ap1000,government,89.80137610130308
candu_ec6,government,97.75711955271613
ap1000,government,105.02684875876285
candu_ec6,government,101.05468038776722
ap1000,government,95.99722233428069
candu_ec6,government,105.00409304383362
ap1000,government,101.97745787029945
candu_ec6,government,98.10727063423322
ap1000,government,108.81928385830028
candu_ec6,government,96.44548508110307
ap1000,government,101.54485142135415
candu_ec6,government,102.9777102061481
ap1000,government,107.10750597446899
candu_ec6,government,91.73548563567054
ap1000,government,98.9697433675636
candu_ec6,government,87.93180267971817
ap1000,government,105.47601824572962
candu_ec6,government,99.64087740185252
ap1000,government,97.67958526050806
candu_ec6,government,97.44790352946444
ap1000,government,96.74077522621452
candu_ec6,government,95.06212877610574
ap1000,government,93.790528597985
candu_ec6,government,100.53663978516137
ap1000,government,102.54669370278135
candu_ec6,government,91.1171215607433
ap1000,government,93.98046847488526
candu_ec6,government,94.13648739899828
ap1000,government,93.23937275932205
candu_ec6,government,95.64445045652319
ap1000,government,96.64791770486048
candu_ec6,government,92.4711898138521
ap1000,government,84.91823517114187
candu_ec6,government,95.1766419715045
ap1000,government,93.06833846592325
candu_ec6,government,92.1802759573753
ap1000,government,99.55113759269436
candu_ec6,government,87.49339227235144
ap1000,government,97.13810679069076
candu_ec6,government,95.56745234616423
ap1000,government,94.59991744125767
candu_ec6,government,89.32248325914739
ap1000,government,86.75372543788959
candu_ec6,government,93.47560593102303
ap1000,government,99.6794400991651
candu_ec6,government,97.62636381250113
ap1000,government,100.07938881154757
candu_ec6,government,97.03620055326626
ap1000,government,102.78853549605456
candu_ec6,government,97.6660152459794
ap1000,government,92.9903008022234
candu_ec6,government,91.48100661067704
ap1000,government,99.33366658608438
candu_ec6,government,94.68052764600031
ap1000,government,98.74552408465505
candu_ec6,government,87.85120665210198
ap1000,government,100.71471447185598
candu_ec6,government,94.00163863253007
ap1000,government,91.8004310349796
candu_ec6,government,95.07533339912752
ap1000,government,97.79631538427125
candu_ec6,government,99.00616540687845
ap1000,government,95.96177995598201
candu_ec6,government,103.64186142235114
ap1000,government,98.05044807137328
candu_ec6,government,98.39374880127089
ap1000,government,105.6546669444309
candu_ec6,government,96.29574304982835
ap1000,government,89.19024960456856
candu_ec6,government,101.81816185008809
ap1000,government,100.23017399944243
candu_ec6,government,94.95378272633762
ap1000,government,100.0246764276207
candu_ec6,government,99.5272517213407
ap1000,government,103.69581087468737
candu_ec6,government,98.7366492581734
ap1000,government,96.56244002402589
candu_ec6,government,99.14800509999372
ap1000,government,98.96558145266528
candu_ec6,government,95.04050837354549
ap1000,government,93.88938912599245
candu_ec6,government,93.57821211650398
ap1000,government,91.90213765971542
candu_ec6,government,93.58113993986504
ap1000,government,95.17599007030967
candu_ec6,government,97.00989395666139
ap1000,government,99.01490879820767
candu_ec6,government,108.06665422224519
ap1000,government,104.11546500137989
candu_ec6,government,101.12762205734225
ap1000,government,88.75416394816918
candu_ec6,government,99.38215432310783
ap1000,government,92.95672233741539
candu_ec6,government,97.6639892432523
ap1000,government,97.64694708244137
candu_ec6,government,94.67264534991254
ap1000,government,106.50004398573908
candu_ec6,government,89.62055115545787
ap1000,government,92.45836242525183
candu_ec6,government,96.33834825367668
ap1000,government,87.45155953154399
candu_ec6,government,95.34191049798982
ap1000,government,95.84480966370705
candu_ec6,government,94.1791572605555
ap1000,government,97.58838767992897
candu_ec6,government,93.31986284786588
ap1000,government,100.41947681374528
candu_ec6,government,100.76956657149734
ap1000,government,99.46603326184449
candu_ec6,government,100.38993724203642
ap1000,government,106.18800938205278
candu_ec6,government,99.67427537812229
ap1000,government,102.80197562666726
candu_ec6,government,95.91500416540941
ap1000,government,94.47348711751714
candu_ec6,government,96.21766875031113
ap1000,government,96.96864878878137
candu_ec6,government,90.52187890910056
ap1000,government,99.2812131596551
candu_ec6,government,92.55752319764883
ap1000,government,98.51401866273258
candu_ec6,government,93.33512061263629
ap1000,government,98.75556628285965
candu_ec6,government,97.47001335242564
ap1000,government,96.4350164407023
candu_ec6,government,95.2756429952345
ap1000,government,108.96631910609366
candu_ec6,government,98.38610075788932
ap1000,government,94.30595065829642
candu_ec6,government,93.81766800642255
ap1000,government,96.42625841970286
candu_ec6,government,93.86106535990648
ap1000,government,99.50244702081862
candu_ec6,government,98.47146092784824
ap1000,government,107.02158841157343
candu_ec6,government,99.95714064779797
ap1000,government,89.91186891837341
candu_ec6,government,102.46939604615974
ap1000,government,100.37349785635087
candu_ec6,government,102.31446585535566
ap1000,government,106.77750527221525
candu_ec6,government,97.67667726944167
ap1000,government,101.50524534797533
candu_ec6,government,89.93712018114044
ap1000,government,103.06636088923192
candu_ec6,government,102.90835199242478
ap1000,government,103.15078301011181
candu_ec6,government,100.01193038415737
ap1000,government,95.7516993594241
candu_ec6,government,90.6783097880293
ap1000,government,90.62607059951186
candu_ec6,government,96.21143270529454
ap1000,government,99.66999754850211
candu_ec6,government,93.03007629652232
ap1000,government,100.30115555142056
candu_ec6,government,96.01542173332419
ap1000,government,106.08768325725111
candu_ec6,government,94.2872542021088
ap1000,government,108.19687026621634
candu_ec6,government,103.66433228978461
ap1000,government,102.76257610021887
candu_ec6,government,92.90766088577811
ap1000,government,95.67443005200407
candu_ec6,government,97.41402187715018
ap1000,government,95.08227695705115
candu_ec6,government,93.12256943692982
ap1000,government,94.32036939296458
candu_ec6,government,91.83847300637721
ap1000,government,89.6013114178081
candu_ec6,government,102.92029742060451
ap1000,government,87.63054299053947
candu_ec6,government,96.52078110027375
ap1000,government,100.83396981584119
candu_ec6,government,94.78975848788862
ap1000,government,99.53784043335686
candu_ec6,government,89.67937280395246
ap1000,government,93.91666596186647
candu_ec6,government,99.18026830502352
ap1000,government,96.19829098639818
candu_ec6,government,92.42965875337985
ap1000,government,95.51931551090524
candu_ec6,government,101.80090122640429
ap1000,government,110.01267267909842
candu_ec6,government,102.96834068810836
ap1000,government,112.25248016439096
candu_ec6,government,107.26458227268245
ap1000,government,86.38582920846366
candu_ec6,government,97.20866527591454
ap1000,government,98.75330631500854
candu_ec6,government,97.87975285681503
ap1000,government,104.97042273419812
candu_ec6,government,99.67702671628385
ap1000,government,103.89208900023473
candu_ec6,government,101.59474608769683
ap1000,government,82.96890583627932
candu_ec6,government,87.75930268002159
ap1000,government,101.537937320459
candu_ec6,government,95.308573517708
ap1000,government,98.92902734585799
candu_ec6,government,95.97625304566978
ap1000,government,97.24040001153902
candu_ec6,government,105.07259113196957
ap1000,government,96.88214870215118
candu_ec6,government,97.64388248533507
ap1000,government,97.72322050611753
candu_ec6,government,98.6193076591156
ap1000,government,97.35455726921784
candu_ec6,government,98.53059370062293
ap1000,government,109.05885748639241
candu_ec6,government,103.27164599253489
ap1000,government,112.77634506768389
candu_ec6,government,99.73697851011923
ap1000,government,95.31512729142388
candu_ec6,government,101.51908978383933
ap1000,government,101.36457356655696
candu_ec6,government,103.076821717222
ap1000,government,96.51848104757079
candu_ec6,government,92.25532980502972
ap1000,government,88.3544618151393
candu_ec6,government,93.08898816979911
ap1000,government,93.37426290916333
candu_ec6,government,99.22318025708392
ap1000,government,93.5117691010519
candu_ec6,government,93.55311696051483
ap1000,government,99.32854632555089
candu_ec6,government,102.04651511912196
ap1000,government,104.30985136649468
candu_ec6,government,98.02338611213631
ap1000,government,94.32546953563366
candu_ec6,government,100.51646929420609
ap1000,government,97.15337446539928
candu_ec6,government,89.80200080776166
ap1000,government,103.79740170407918
candu_ec6,government,101.99384466045319
ap1000,government,98.71180947302227
candu_ec6,government,96.5049482591354
ap1000,government,103.98456149106407
candu_ec6,government,101.45311248540115
ap1000,government,96.68315020590562
candu_ec6,government,100.00025491267786
ap1000,government,90.86739446000239
candu_ec6,government,96.49936326056171
ap1000,government,107.53472460221052
candu_ec6,government,92.51052616210454
ap1000,government,89.18045431680072
candu_ec6,government,99.11583272040089
ap1000,government,98.84803619944572
candu_ec6,government,98.36930448285324
ap1000,government,94.66095690232844
candu_ec6,government,94.3035479410574
ap1000,government,101.40631336628836
candu_ec6,government,91.84393609070496
ap1000,government,98.18072820068599
candu_ec6,government,91.99593414403162
ap1000,government,96.40589739378241
candu_ec6,government,97.80588299477003
ap1000,government,83.70486294294473
candu_ec6,government,95.8010835338373
ap1000,government,105.01810361836861
candu_ec6,government,99.28926052303844
ap1000,government,97.44470365137924
candu_ec6,government,96.40361624141441
ap1000,government,96.67177102683786
candu_ec6,government,98.6273348174422
ap1000,government,108.31686230000516
candu_ec6,government,98.56908571306326
ap1000,government,102.95073326259481
candu_ec6,government,92.47131905113258
ap1000,government,93.97353874704056
candu_ec6,government,98.89489511286773
ap1000,government,93.01871246386641
candu_ec6,government,95.44446259350546
ap1000,government,84.59043654457359
candu_ec6,government,99.35409131227496
ap1000,government,93.65841041269917
candu_ec6,government,103.1376831041086
ap1000,government,97.40735887011452
candu_ec6,government,96.44484729288294
ap1000,government,103.3177323957116
candu_ec6,government,99.26803561634901
ap1000,government,103.39398096403728
candu_ec6,government,99.21595806724363
ap1000,government,93.4303869603182
candu_ec6,government,94.657674559504
ap1000,government,101.57396899439567
candu_ec6,government,91.92928412362335
ap1000,government,108.08967151550601
candu_ec6,government,91.4928717722849
ap1000,government,88.68894270000048
candu_ec6,government,98.34182979175901
ap1000,government,95.78597627510523
candu_ec6,government,86.2598808319448
ap1000,government,96.7778275026377
candu_ec6,government,95.20694157199073
ap1000,government,91.4690898999575
candu_ec6,government,97.96486890823796
ap1000,government,100.77253105831362
candu_ec6,government,96.5968706637303
ap1000,government,99.78282850874807
candu_ec6,government,97.50947732924121
ap1000,government,95.31063964033387
candu_ec6,government,95.82291515497015
ap1000,government,89.28501246437384
candu_ec6,government,94.18795452845035
ap1000,government,93.27790263959994
candu_ec6,government,97.04678299482423
ap1000,government,93.47489089453578
candu_ec6,government,92.93461458248906
ap1000,government,101.37078297818051
candu_ec6,government,104.25370905196915
ap1000,government,105.02540746622084
candu_ec6,government,102.5450190409312
ap1000,government,104.84849614030446
candu_ec6,government,90.06435504671126
ap1000,government,92.5890060135568
candu_ec6,government,99.53112068433065
ap1000,government,93.99061105509574
candu_ec6,government,96.52712058021996
ap1000,government,99.67057877986939
candu_ec6,government,103.44336159097237
ap1000,government,100.90197945501886
candu_ec6,government,97.5034350900943
ap1000,government,102.58716948345918
candu_ec6,government,94.7339485215465
ap1000,government,94.42831671847004
candu_ec6,government,89.64507990091344
ap1000,government,95.86610648265403
candu_ec6,government,103.87474640195909
ap1000,government,104.37180346282662
candu_ec6,government,93.9440251506824
ap1000,government,88.32349336510036
candu_ec6,government,96.55020602503332
ap1000,government,97.38916282337007
candu_ec6,government,92.55539358407201
ap1000,government,95.70574293601142
candu_ec6,government,98.70577163379234
ap1000,government,101.70375970055933
candu_ec6,government,98.33120585233297
ap1000,government,86.12738151095368
candu_ec6,government,97.49822445639364
ap1000,government,103.49230097781182
candu_ec6,government,95.98631618074741
ap1000,government,97.4947042947015
candu_ec6,government,90.74339683970464
ap1000,government,95.73620661989845
candu_ec6,government,100.29427256704665
ap1000,government,107.27044597320382
candu_ec6,government,92.52638518625916
ap1000,government,91.39433359841894
candu_ec6,government,97.67048354337862
ap1000,government,104.07888048086872
candu_ec6,government,99.42813473856091
ap1000,government,103.59570204625966
candu_ec6,government,97.01360294303299
ap1000,government,110.78902972737441
candu_ec6,government,102.08524198890782
ap1000,government,98.92226027408752
candu_ec6,government,102.07410504650024
ap1000,government,96.02058031301223
candu_ec6,government,95.79444374228055
ap1000,government,101.00333597825538
candu_ec6,government,94.2647245518969
ap1000,government,95.62842709342024
candu_ec6,government,94.07451768471024
ap1000,government,85.88819216496186
candu_ec6,government,94.39489726025478
ap1000,government,96.20061177792716
candu_ec6,government,99.13572482951801
ap1000,government,104.07761131287457
candu_ec6,government,95.01233276938935
ap1000,government,101.50616733081797
candu_ec6,government,100.41512439215175
ap1000,government,100.38144213249548
candu_ec6,government,96.21787266999732
ap1000,government,100.92128344307704
candu_ec6,government,91.65158257251572
ap1000,government,85.51809958992766
candu_ec6,government,94.77607680251676
ap1000,government,104.17054336838216
candu_ec6,government,93.9298494232533
ap1000,government,110.49532007694603
candu_ec6,government,94.34832707225341
ap1000,government,88.85465314695443
candu_ec6,government,92.88473594926282
ap1000,government,99.85848174196711
candu_ec6,government,97.68264213723661
ap1000,government,105.70115730068268
candu_ec6,government,94.21690067347089
ap1000,government,100.6067004314719
candu_ec6,government,93.38467310198205
ap1000,government,102.42359138554845
candu_ec6,government,98.851070578924
ap1000,government,84.34558366331437
candu_ec6,government,93.09116440881013
ap1000,government,90.34025922038492
candu_ec6,government,96.86140862647231
ap1000,government,89.17854425034744
candu_ec6,government,103.32162293080938
ap1000,government,102.83909563848684
candu_ec6,government,96.30645656658098
ap1000,government,106.82192537062147
candu_ec6,government,90.50154329364177
ap1000,government,90.81442339348382
candu_ec6,government,94.3982017553486
ap1000,government,103.26270873659054
candu_ec6,government,98.66042416377701
ap1000,government,105.26577468465509
candu_ec6,government,97.16016018614962
ap1000,government,99.1437845096859
candu_ec6,government,102.31704379371766
ap1000,government,100.4467884330548
candu_ec6,government,100.67766045052984
ap1000,government,87.29434743737441
candu_ec6,government,95.6723154535525
ap1000,government,102.4626138383981
candu_ec6,government,91.60715124183388
ap1000,government,93.71986107417462
candu_ec6,government,94.7573826707918
ap1000,government,101.99931955680559
candu_ec6,government,87.94376363617509
ap1000,government,94.25725737320201
candu_ec6,government,99.08397044867561
ap1000,government,97.79918702208369
candu_ec6,government,89.645899672
ap1000,government,105.85900783192055
candu_ec6,government,97.28854308724253
ap1000,government,91.20612183205985
candu_ec6,government,99.34247858657719
ap1000,government,97.90792204039808
candu_ec6,government,98.2930171799484
ap1000,government,109.28057169570536
candu_ec6,government,95.44459038975357
ap1000,government,100.71255508472312
candu_ec6,government,94.70614078885765
ap1000,government,93.24729799929234
candu_ec6,government,101.09504473997279
ap1000,government,98.57155051860458
candu_ec6,government,98.27251547829623
ap1000,government,96.32620598071931
candu_ec6,government,98.04064519746665
ap1000,government,88.18157499426249
candu_ec6,government,102.64595288921315
ap1000,government,97.2975361298086
candu_ec6,government,97.76134568382038
ap1000,government,93.86901955456086
candu_ec6,government,91.00540936426465
ap1000,government,97.43725845381647
candu_ec6,government,102.144266980215
ap1000,government,95.03432617440106
candu_ec6,government,99.28438648929074
ap1000,government,89.41894641352597
candu_ec6,government,95.86718661879746
ap1000,government,90.59078089445195
candu_ec6,government,93.01531651333832
ap1000,government,99.2880468474366
candu_ec6,government,91.88352256633999
ap1000,government,103.47806796461737
candu_ec6,government,98.67445279054958
ap1000,government,90.6524581905388
candu_ec6,government,93.6820231483917
ap1000,government,96.29292522159211
candu_ec6,government,94.0492270166063
ap1000,government,104.36428370779221
candu_ec6,government,97.31192547168273
ap1000,commercial,173.26477411269806
candu_ec6,commercial,173.61983282955632
ap1000,commercial,188.3103683449013
candu_ec6,commercial,190.74066142731255
ap1000,commercial,205.06132523891677
candu_ec6,commercial,166.23917516722707
ap1000,commercial,173.15268725400676
candu_ec6,commercial,172.05679135339375
ap1000,commercial,183.10820046424698
candu_ec6,commercial,187.57725986498426
ap1000,commercial,199.37443308152382
candu_ec6,commercial,172.43194885480256
ap1000,commercial,194.44325394005267
candu_ec6,commercial,194.4799028027039
ap1000,commercial,185.6309258229313
candu_ec6,commercial,189.9846056088563
ap1000,commercial,168.18288197253656
candu_ec6,commercial,169.51343242708913
ap1000,commercial,195.46907574728047
candu_ec6,commercial,190.31804734147397
ap1000,commercial,170.75245665675305
candu_ec6,commercial,191.1788342209792
ap1000,commercial,176.27308127659086
candu_ec6,commercial,167.53677542033893
ap1000,commercial,191.29709531435125
candu_ec6,commercial,183.50917887899172
ap1000,commercial,190.584661471498
candu_ec6,commercial,182.6282760680508
ap1000,commercial,181.28464652152013
candu_ec6,commercial,166.41529312062661
ap1000,commercial,201.61391641844682
candu_ec6,commercial,190.31717531041824
ap1000,commercial,190.63370574821863
candu_ec6,commercial,171.33154105684022
ap1000,commercial,202.97756210179392
candu_ec6,commercial,189.3280559082539
ap1000,commercial,198.57016854740476
candu_ec6,commercial,164.20645301132726
ap1000,commercial,169.6369760849007
candu_ec6,commercial,186.8400415318775
ap1000,commercial,188.9343834579753
candu_ec6,commercial,215.9941193060945
ap1000,commercial,203.39777704669737
candu_ec6,commercial,185.06576300051393
ap1000,commercial,200.57388975276447
candu_ec6,commercial,198.51663426135823
ap1000,commercial,201.6132228020698
candu_ec6,commercial,198.0029449720659
ap1000,commercial,182.39775835641788
candu_ec6,commercial,173.12826103250958
ap1000,commercial,187.2563092794907
candu_ec6,commercial,171.42279296852792
ap1000,commercial,209.97149022337643
candu_ec6,commercial,170.83826458831706
ap1000,commercial,178.414688840095
candu_ec6,commercial,195.46180583687158
ap1000,commercial,191.5486173459906
candu_ec6,commercial,191.84004772201573
ap1000,commercial,187.31153944357195
candu_ec6,commercial,182.56673040064135
ap1000,commercial,195.3822177452053
candu_ec6,commercial,202.4015964782106
ap1000,commercial,201.47050122424514
candu_ec6,commercial,198.44077198446797
ap1000,commercial,183.0292263731996
candu_ec6,commercial,166.86220063784756
ap1000,commercial,187.58244841898457
candu_ec6,commercial,183.57569714438947
ap1000,commercial,202.35669928015332
candu_ec6,commercial,172.81513897163296
ap1000,commercial,187.5477380957295
candu_ec6,commercial,189.93866728968013
ap1000,commercial,208.35732480409513
candu_ec6,commercial,173.16362506902337
ap1000,commercial,195.34361222980064
candu_ec6,commercial,195.54022555020816
ap1000,commercial,196.27178525308483
candu_ec6,commercial,197.07692010419834
ap1000,commercial,167.8619216912206
candu_ec6,commercial,192.70696501547513
ap1000,commercial,176.18194879699507
candu_ec6,commercial,211.40630413879634
ap1000,commercial,181.3640404090595
candu_ec6,commercial,189.86155906098668
ap1000,commercial,206.0886610881882
candu_ec6,commercial,183.83329259431582
ap1000,commercial,197.34955933274514
candu_ec6,commercial,185.2271684995543
ap1000,commercial,188.91533843495927
candu_ec6,commercial,186.77436199292626
ap1000,commercial,190.56599540848708
candu_ec6,commercial,191.1726757167039
ap1000,commercial,162.72318857181128
candu_ec6,commercial,198.05949466773913
ap1000,commercial,210.21169072262708
candu_ec6,commercial,192.86359797639093
ap1000,commercial,214.54045189859963
candu_ec6,commercial,199.78923389586248
ap1000,commercial,193.61869632286363
candu_ec6,commercial,182.02553612391537
ap1000,commercial,169.4821496633961
candu_ec6,commercial,173.408774201627
ap1000,commercial,192.91312477158962
candu_ec6,commercial,202.4429104986722
ap1000,commercial,191.59300928041787
candu_ec6,commercial,201.13263677149936
ap1000,commercial,172.6426265459719
candu_ec6,commercial,180.46328225321736
ap1000,commercial,195.82419336840036
candu_ec6,commercial,187.74820367661852
ap1000,commercial,156.94254109124438
candu_ec6,commercial,190.76143459856794
ap1000,commercial,190.3083189658327
candu_ec6,commercial,162.01438458640462
ap1000,commercial,167.46338803744416
candu_ec6,commercial,197.16471852080088
ap1000,commercial,199.30473677373465
candu_ec6,commercial,175.01695960739022
ap1000,commercial,176.84081700760518
candu_ec6,commercial,173.57122110523213
ap1000,commercial,219.44448860327842
candu_ec6,commercial,172.56013630692556
ap1000,commercial,195.38637571358626
candu_ec6,commercial,181.9182453609672
ap1000,commercial,176.49406130303055
candu_ec6,commercial,173.00950149833383
ap1000,commercial,182.1313197914803
candu_ec6,commercial,191.57130623095986
ap1000,commercial,185.3276610718848
candu_ec6,commercial,176.64524952137947
ap1000,commercial,191.08604179155643
candu_ec6,commercial,192.40055876285862
ap1000,commercial,180.83779987320298
candu_ec6,commercial,200.63253430516957
ap1000,commercial,188.33699851339946
candu_ec6,commercial,179.29754988718872
ap1000,commercial,184.88903391540566
candu_ec6,commercial,182.0109487644424
ap1000,commercial,186.8926041308453
candu_ec6,commercial,182.5596891929796
ap1000,commercial,179.25332954730624
candu_ec6,commercial,197.35929426249524
ap1000,commercial,202.78161169311664
candu_ec6,commercial,171.89329363969256
ap1000,commercial,203.23696159053415
candu_ec6,commercial,204.4314895882479
ap1000,commercial,179.46161192000184
candu_ec6,commercial,177.9709794052001
ap1000,commercial,188.98166106913203
candu_ec6,commercial,174.15443131277434
ap1000,commercial,190.8917758749727
candu_ec6,commercial,194.2042117139348
ap1000,commercial,194.18240593840818
candu_ec6,commercial,176.78973547085997
ap1000,commercial,187.43916495511408
candu_ec6,commercial,179.5407666543972
ap1000,commercial,199.0467731612303
candu_ec6,commercial,177.34407463217715
ap1000,commercial,188.004082964602
candu_ec6,commercial,196.44501729042847
ap1000,commercial,166.77643399896473
candu_ec6,commercial,171.58827937667303
ap1000,commercial,185.26513124464404
candu_ec6,commercial,165.1777591693056
ap1000,commercial,176.431672342186
candu_ec6,commercial,192.56097762775508
ap1000,commercial,191.72265935918313
candu_ec6,commercial,177.6395142837795
ap1000,commercial,177.95894945249822
candu_ec6,commercial,187.92252330910523
ap1000,commercial,159.96929909807935
candu_ec6,commercial,172.6462203915414
ap1000,commercial,195.1434840552962
candu_ec6,commercial,176.41139262287757
ap1000,commercial,162.28349449502036
candu_ec6,commercial,186.47192599510228
ap1000,commercial,162.76226929112613
candu_ec6,commercial,186.54371946547647
ap1000,commercial,168.002269831493
candu_ec6,commercial,165.49258140439665
ap1000,commercial,203.6083731280146
candu_ec6,commercial,174.17389206044678
ap1000,commercial,184.61803058624747
candu_ec6,commercial,168.6166042912358
ap1000,commercial,195.20608264871328
candu_ec6,commercial,176.3886175759762
ap1000,commercial,200.1596804525145
candu_ec6,commercial,179.71251302233205
ap1000,commercial,204.08508821988727
candu_ec6,commercial,184.38343569138885
ap1000,commercial,176.75867953337175
candu_ec6,commercial,177.68810738120573
ap1000,commercial,186.61499184222305
candu_ec6,commercial,180.06454704633782
ap1000,commercial,168.29861154187017
candu_ec6,commercial,186.15656216972084
ap1000,commercial,178.74319962780004
candu_ec6,commercial,181.363001067
ap1000,commercial,204.60522970651633
candu_ec6,commercial,190.52594786323306
ap1000,commercial,168.28547507248695
candu_ec6,commercial,196.89150058697416
ap1000,commercial,187.6188115015951
candu_ec6,commercial,176.9080773191858
ap1000,commercial,193.50732081063634
candu_ec6,commercial,195.89270540896365
ap1000,commercial,207.2929597795966
candu_ec6,commercial,166.1970657449481
ap1000,commercial,186.62429028380615
candu_ec6,commercial,181.14434528656574
ap1000,commercial,192.62204414524902
candu_ec6,commercial,183.28797715893717
ap1000,commercial,183.1703437806482
candu_ec6,commercial,196.77287427846252
ap1000,commercial,202.2888758932433
candu_ec6,commercial,164.0199893620737
ap1000,commercial,203.34398700882096
candu_ec6,commercial,173.3645263297835
ap1000,commercial,209.73955127597532
candu_ec6,commercial,192.2063071072695
ap1000,commercial,196.5636928016999
candu_ec6,commercial,176.0328375092301
ap1000,commercial,179.59048189730967
candu_ec6,commercial,193.0103040521749
ap1000,commercial,181.4937391093971
candu_ec6,commercial,198.15100879504834
ap1000,commercial,195.47894123143735
candu_ec6,commercial,183.01787271940302
ap1000,commercial,172.68546881518103
candu_ec6,commercial,183.93073948528146
ap1000,commercial,198.72472884562436
candu_ec6,commercial,163.52837617507421
ap1000,commercial,203.0669750859684
candu_ec6,commercial,188.7731534303959
ap1000,commercial,194.61297303877632
candu_ec6,commercial,193.70544447247872
ap1000,commercial,173.6812593656257
candu_ec6,commercial,170.7057628855353
ap1000,commercial,198.3731645252358
candu_ec6,commercial,177.67185493607911
ap1000,commercial,189.09748484951095
candu_ec6,commercial,203.3580536842916
ap1000,commercial,169.4341362382388
candu_ec6,commercial,169.86139675274265
ap1000,commercial,207.4722829983911
candu_ec6,commercial,180.4956710843226
ap1000,commercial,177.98290332266595
candu_ec6,commercial,167.8357642531819
ap1000,commercial,201.07613436810135
candu_ec6,commercial,174.3063129922995
ap1000,commercial,182.03420645576318
candu_ec6,commercial,193.8148721549584
ap1000,commercial,194.87679726396186
candu_ec6,commercial,197.0970069188507
ap1000,commercial,193.88024069255317
candu_ec6,commercial,190.55263711854784
ap1000,commercial,201.4726212624184
candu_ec6,commercial,170.27645567564392
ap1000,commercial,197.17118025100686
candu_ec6,commercial,186.8122785614535
ap1000,commercial,186.9896958085629
candu_ec6,commercial,198.89224499392589
ap1000,commercial,197.2330330560435
candu_ec6,commercial,180.14457767751372
ap1000,commercial,179.35486064542263
candu_ec6,commercial,167.52107916015086
ap1000,commercial,186.3585681523847
candu_ec6,commercial,185.3168869632278
ap1000,commercial,185.50852250695456
candu_ec6,commercial,175.08565946134968
ap1000,commercial,182.2112986228963
candu_ec6,commercial,159.44483453965165
ap1000,commercial,205.95831868061862
candu_ec6,commercial,191.90987964134226
ap1000,commercial,162.4867303756877
candu_ec6,commercial,185.67252745425802
ap1000,commercial,195.3313989055705
candu_ec6,commercial,173.27842018597389
ap1000,commercial,163.52699245535794
candu_ec6,commercial,192.41900018061057
ap1000,commercial,177.55024447865662
candu_ec6,commercial,192.9483553799632
ap1000,commercial,167.12380802474541
candu_ec6,commercial,179.4090492233983
ap1000,commercial,175.2325539563229
candu_ec6,commercial,182.03364467591965
ap1000,commercial,190.15127666619335
candu_ec6,commercial,184.25121943658925
ap1000,commercial,177.93381456882133
candu_ec6,commercial,198.06680875772668
ap1000,commercial,179.22959276884305
candu_ec6,commercial,179.88601335310554
ap1000,commercial,161.45398084323915
candu_ec6,commercial,191.81316740982498
ap1000,commercial,190.7734159145638
candu_ec6,commercial,179.0383433934921
ap1000,commercial,191.6116919269069
candu_ec6,commercial,181.26172074378275
ap1000,commercial,195.00143852139783
candu_ec6,commercial,167.5364830476494
ap1000,commercial,187.80073320669598
candu_ec6,commercial,198.8897040785777
ap1000,commercial,198.24697325063596
candu_ec6,commercial,194.13968014614187
ap1000,commercial,192.6170942465117
candu_ec6,commercial,164.3151709155767
ap1000,commercial,195.09716882029707
candu_ec6,commercial,163.955306632823
ap1000,commercial,182.4549925312967
candu_ec6,commercial,190.7479086455975
ap1000,commercial,192.13841959196097
candu_ec6,commercial,174.05866424022045
ap1000,commercial,198.84317869739837
candu_ec6,commercial,182.81649128664128
ap1000,commercial,189.9797664885048
candu_ec6,commercial,175.77345029198585
ap1000,commercial,157.376961095359
candu_ec6,commercial,169.97492460320018
ap1000,commercial,193.06829188021035
candu_ec6,commercial,186.7153261875922
ap1000,commercial,164.50550678346193
candu_ec6,commercial,188.8192535143968
ap1000,commercial,182.46618566724175
candu_ec6,commercial,183.60899026762382
ap1000,commercial,170.52395439049724
candu_ec6,commercial,182.14745968271382
ap1000,commercial,175.19203560485892
candu_ec6,commercial,187.94374169157518
ap1000,commercial,210.18677710199285
candu_ec6,commercial,183.36539940341726
ap1000,commercial,178.56164378219214
candu_ec6,commercial,192.0806058062777
ap1000,commercial,187.74316002440608
candu_ec6,commercial,195.76494969922106
ap1000,commercial,176.46936422131938
candu_ec6,commercial,198.00205607519595
ap1000,commercial,159.35503369675823
candu_ec6,commercial,175.92103942313932
ap1000,commercial,192.0735463002666
candu_ec6,commercial,179.76682169461225
ap1000,commercial,191.21038893784694
candu_ec6,commercial,174.4923111640143
ap1000,commercial,206.40763818256346
candu_ec6,commercial,182.9097855697123
ap1000,commercial,205.2443989061121
candu_ec6,commercial,172.0186601424312
ap1000,commercial,218.29547481566905
candu_ec6,commercial,189.79168194560356
ap1000,commercial,189.4474998127899
candu_ec6,commercial,168.4598657485274
ap1000,commercial,186.64435840537277
candu_ec6,commercial,166.1785179619417
ap1000,commercial,189.64991659955632
candu_ec6,commercial,195.74385857735615
ap1000,commercial,190.45299256770824
candu_ec6,commercial,189.82178121496318
ap1000,commercial,189.97622746850962
candu_ec6,commercial,196.26821659398394
ap1000,commercial,166.29872398996395
candu_ec6,commercial,189.3748184852428
ap1000,commercial,209.82648191709478
candu_ec6,commercial,199.55919432923017
ap1000,commercial,190.9679085124117
candu_ec6,commercial,178.10111392356814
ap1000,commercial,183.65859480801288
candu_ec6,commercial,176.04672105456197
ap1000,commercial,171.24587205360137
candu_ec6,commercial,191.7455310934381
ap1000,commercial,177.26308571607876
candu_ec6,commercial,182.42642600157822
ap1000,commercial,193.62589014991633
candu_ec6,commercial,185.5768649938965
ap1000,commercial,174.8895880452937
candu_ec6,commercial,204.2777982551633
ap1000,commercial,196.87932862056033
candu_ec6,commercial,183.519622186661
ap1000,commercial,183.568507642243
candu_ec6,commercial,187.52453356778483
ap1000,commercial,214.68271052743202
candu_ec6,commercial,194.64432531046077
ap1000,commercial,183.7503107993677
candu_ec6,commercial,183.91001832125662
ap1000,commercial,159.09695900681336
candu_ec6,commercial,174.0118612834152
ap1000,commercial,202.1238263640891
candu_ec6,commercial,186.75764275946597
ap1000,commercial,166.1731008680533
candu_ec6,commercial,179.93674867911483
ap1000,commercial,190.80273926365268
candu_ec6,commercial,167.13143536052394
ap1000,commercial,201.87530829382388
candu_ec6,commercial,207.62238143004433
ap1000,commercial,195.91579492246078
candu_ec6,commercial,174.651800548528
ap1000,commercial,199.4559030772631
candu_ec6,commercial,183.71435967225705
ap1000,commercial,169.10512200695933
candu_ec6,commercial,178.76412880251863
ap1000,commercial,169.54489645716103
candu_ec6,commercial,180.390568898142
ap1000,commercial,195.87974702071682
candu_ec6,commercial,177.77498020778742
ap1000,commercial,190.0677684566946
candu_ec6,commercial,202.52877943717613
ap1000,commercial,195.51966759780717
candu_ec6,commercial,164.38758249353782
ap1000,commercial,190.45721425212648
candu_ec6,commercial,183.67615703992752
ap1000,commercial,185.16498767927476
candu_ec6,commercial,164.60390688481863
ap1000,commercial,169.326660738173
candu_ec6,commercial,170.26687060832234
ap1000,commercial,189.57280565516805
candu_ec6,commercial,177.4676282435082
ap1000,commercial,167.05855119494979
candu_ec6,commercial,174.2058970839545
ap1000,commercial,185.90244613632947
candu_ec6,commercial,174.19583252518308
ap1000,commercial,168.25666518315282
candu_ec6,commercial,183.35500755155837
ap1000,commercial,175.84115066065405
candu_ec6,commercial,180.17228585046803
ap1000,commercial,206.7988416121715
candu_ec6,commercial,196.68480805148297
ap1000,commercial,186.32277120769407
candu_ec6,commercial,180.09003705556117
ap1000,commercial,192.52396174107574
candu_ec6,commercial,157.50578246354698
ap1000,commercial,184.1362163459761
candu_ec6,commercial,184.19017231248196
ap1000,commercial,181.79005808489373
candu_ec6,commercial,188.78057197375892
ap1000,commercial,190.21729160370222
candu_ec6,commercial,194.32796209935884
ap1000,commercial,178.52360975023177
candu_ec6,commercial,177.81859769611955
ap1000,commercial,202.92554165564715
candu_ec6,commercial,170.961431294675
ap1000,commercial,171.06528173279335
candu_ec6,commercial,172.9606887437697
ap1000,commercial,204.70644902065033
candu_ec6,commercial,191.2853743581232
ap1000,commercial,153.38031980716232
candu_ec6,commercial,176.43054348521815
ap1000,commercial,174.4228356698356
candu_ec6,commercial,174.32378034841508
ap1000,commercial,192.9182446681101
candu_ec6,commercial,193.5675124792093
ap1000,commercial,197.33225826759232
candu_ec6,commercial,178.2247529165568
ap1000,commercial,184.43945349742535
candu_ec6,commercial,164.43145064653743
ap1000,commercial,205.49655371480162
candu_ec6,commercial,180.39435748108804
ap1000,commercial,191.7204982774321
candu_ec6,commercial,191.26137495442623
ap1000,commercial,177.25084997550616
candu_ec6,commercial,187.82610821379788
ap1000,commercial,171.95423127452554
candu_ec6,commercial,192.6244590961312
ap1000,commercial,194.15613709841892
candu_ec6,commercial,194.85475964360535
ap1000,commercial,161.25405244418516
candu_ec6,commercial,181.6793491255154
ap1000,commercial,192.37398795144694
candu_ec6,commercial,193.25825346618763
ap1000,commercial,192.69329953744514
candu_ec6,commercial,161.005488874819
ap1000,commercial,169.07522901074887
candu_ec6,commercial,184.59255628994032
ap1000,commercial,183.77434520950334
candu_ec6,commercial,196.36293557619217
ap1000,commercial,195.97670546794077
candu_ec6,commercial,173.02378660550278
ap1000,commercial,186.08334789466207
candu_ec6,commercial,180.29388337340956
ap1000,commercial,182.57452213942682
candu_ec6,commercial,187.4055347246308
ap1000,commercial,189.69931790557106
candu_ec6,commercial,179.91053135143008
ap1000,commercial,185.16382868006352
candu_ec6,commercial,179.7522449732694
ap1000,commercial,182.4505465163842
candu_ec6,commercial,192.8745320113752
ap1000,commercial,169.9304480471817
candu_ec6,commercial,201.7102565640924
ap1000,commercial,199.57003476382587
candu_ec6,commercial,180.94945253112596
ap1000,commercial,187.25521948360114
candu_ec6,commercial,170.8376381960019
ap1000,commercial,175.8023380900677
candu_ec6,commercial,173.45205005455986
ap1000,commercial,184.33024414905077
candu_ec6,commercial,177.8851675206014
ap1000,commercial,189.21640740997992
candu_ec6,commercial,171.1284282286409
ap1000,commercial,193.60710204100343
candu_ec6,commercial,170.96594535617965
ap1000,commercial,187.58930325508885
candu_ec6,commercial,183.03483779418377
ap1000,commercial,202.21566319813195
candu_ec6,commercial,171.80135964465697
ap1000,commercial,184.09146645028378
candu_ec6,commercial,184.51232920131676
ap1000,commercial,173.9700043126513
candu_ec6,commercial,172.62495879774968
ap1000,commercial,187.1871737238252
candu_ec6,commercial,192.89695089285354
ap1000,commercial,197.96466296962933
candu_ec6,commercial,211.5771039471002
ap1000,commercial,203.57320851963135
candu_ec6,commercial,190.032562400717
ap1000,commercial,188.8971062723315
candu_ec6,commercial,180.36345498752323
ap1000,commercial,180.3393637178621
candu_ec6,commercial,181.35874574790236
ap1000,commercial,187.36156702912078
candu_ec6,commercial,190.1008262100917
ap1000,commercial,185.25612715813853
candu_ec6,commercial,185.0447735064327
ap1000,commercial,206.29323325196518
candu_ec6,commercial,180.46991313986595
ap1000,commercial,174.20649065655388
candu_ec6,commercial,182.79078699648704
ap1000,commercial,196.2940682499338
candu_ec6,commercial,160.32592086919482
ap1000,commercial,187.66346070103884
candu_ec6,commercial,192.01748577894807
ap1000,commercial,164.62103451319385
candu_ec6,commercial,169.26116582607466
ap1000,commercial,198.85056938445456
candu_ec6,commercial,185.56454301174747
ap1000,commercial,171.0084919046054
candu_ec6,commercial,177.5226731893877
ap1000,commercial,192.478145189224
candu_ec6,commercial,168.27150326736117
ap1000,commercial,183.5985544512193
candu_ec6,commercial,186.84534815807183
ap1000,commercial,193.7865090073518
candu_ec6,commercial,192.4977549005847
ap1000,commercial,190.380149464086
candu_ec6,commercial,171.1449124912043
ap1000,commercial,176.17501531306704
candu_ec6,commercial,187.04941182600996
ap1000,commercial,182.36394148142762
candu_ec6,commercial,165.877245015998
ap1000,commercial,209.10794298826806
candu_ec6,commercial,178.16725850478537
ap1000,commercial,196.8140617196407
candu_ec6,commercial,176.26089010864013
ap1000,commercial,184.40343694563225
candu_ec6,commercial,185.77359284009233
ap1000,commercial,195.99262509369314
candu_ec6,commercial,185.91432104893093
ap1000,commercial,197.93414412962258
candu_ec6,commercial,185.2653117732451
ap1000,commercial,194.4873723676582
candu_ec6,commercial,184.35323370986683
ap1000,commercial,199.91249664755077
candu_ec6,commercial,179.37621433074534
ap1000,commercial,193.49906621799823
candu_ec6,commercial,185.74717097137534
ap1000,commercial,206.2184141213912
candu_ec6,commercial,191.42377850746794
ap1000,commercial,182.94372185536147
candu_ec6,commercial,174.8241735535933
ap1000,commercial,206.5868640620358
candu_ec6,commercial,172.86511181391836
ap1000,commercial,163.2612733241068
candu_ec6,commercial,185.24702377602014
ap1000,commercial,184.12901939316188
candu_ec6,commercial,188.68327164772026
ap1000,commercial,167.96196920803183
candu_ec6,commercial,188.80780131545922
ap1000,commercial,180.40218042018358
candu_ec6,commercial,181.84107465902252
ap1000,commercial,178.54152000816757
candu_ec6,commercial,204.70875244660076
ap1000,commercial,176.2255077869995
candu_ec6,commercial,185.7319255166827
ap1000,commercial,178.63402993914673
candu_ec6,commercial,175.32968760237117
ap1000,commercial,174.08693558732608
candu_ec6,commercial,171.24329318044937
ap1000,commercial,178.1668791705844
candu_ec6,commercial,177.23074700671842
ap1000,commercial,162.37362852766697
candu_ec6,commercial,161.67866133031868
ap1000,commercial,188.63661205675683
candu_ec6,commercial,177.510703788659
ap1000,commercial,185.89431951347427
candu_ec6,commercial,175.9303713327986
ap1000,commercial,191.5230959343486
candu_ec6,commercial,180.7420328878827
ap1000,commercial,185.44687541402368
candu_ec6,commercial,182.00073227170054
ap1000,commercial,199.24708438765458
candu_ec6,commercial,178.31120483407392
ap1000,commercial,182.04215654802132
candu_ec6,commercial,194.36761213596253
ap1000,commercial,166.51822154435655
candu_ec6,commercial,170.54299793126637
ap1000,commercial,205.53654479225384
candu_ec6,commercial,197.4760668868176
ap1000,commercial,193.33147008583396
candu_ec6,commercial,175.51248360103196
ap1000,commercial,178.0460359851465
candu_ec6,commercial,185.17543128162205
ap1000,commercial,180.56541220631615
candu_ec6,commercial,181.30795582170168
ap1000,commercial,189.10868885608974
candu_ec6,commercial,174.30132674612813
ap1000,commercial,175.8585645337994
candu_ec6,commercial,179.964931330548
ap1000,commercial,197.4229947480791
candu_ec6,commercial,177.7196091648324
ap1000,commercial,177.29290904516103
candu_ec6,commercial,189.89014532716712
ap1000,commercial,181.8249320950923
candu_ec6,commercial,178.66901484702873
ap1000,commercial,179.81903222856553
candu_ec6,commercial,191.42614408498983
ap1000,commercial,194.08779857196654
candu_ec6,commercial,185.933636709263
ap1000,commercial,193.16939453062705
candu_ec6,commercial,179.99175584190462
ap1000,commercial,180.5519149266164
candu_ec6,commercial,183.38138302578662
ap1000,commercial,183.35612918982025
candu_ec6,commercial,172.64972815585338
ap1000,commercial,177.66482239829529
candu_ec6,commercial,183.68057340143193
ap1000,commercial,189.9920847807488
candu_ec6,commercial,168.53176109451118
ap1000,commercial,204.47932525043493
candu_ec6,commercial,189.06565348224785
ap1000,commercial,203.8902972007606
candu_ec6,commercial,187.05601433643176
ap1000,commercial,196.94113365041468
candu_ec6,commercial,170.9596132768301
ap1000,commercial,197.57693239494583
candu_ec6,commercial,175.0714195215892
ap1000,commercial,201.8871691312889
candu_ec6,commercial,174.40014100283474
ap1000,commercial,170.0649944906894
candu_ec6,commercial,190.32968130809078
ap1000,commercial,177.5505999897985
candu_ec6,commercial,211.08816878071426
ap1000,commercial,194.44654613414917
candu_ec6,commercial,193.19113684950835
ap1000,commercial,199.11489996076097
candu_ec6,commercial,170.58414951556279
ap1000,commercial,196.42078534862486
candu_ec6,commercial,184.3722349595842
ap1000,commercial,196.8040672893772
candu_ec6,commercial,198.1917816509786
ap1000,commercial,192.28424484206346
candu_ec6,commercial,181.97599221960698
ap1000,commercial,195.78974709511567
candu_ec6,commercial,180.1535908100972
ap1000,commercial,166.49570794432853
candu_ec6,commercial,173.48481130389695
ap1000,commercial,178.15348437992972
candu_ec6,commercial,185.5845577180727
ap1000,commercial,177.66690513360558
candu_ec6,commercial,202.49763837857208
ap1000,commercial,188.25804717476436
candu_ec6,commercial,189.5308753387264
ap1000,commercial,189.36164959146507
candu_ec6,commercial,185.47431137566574
ap1000,commercial,172.30426186810132
candu_ec6,commercial,175.43455674910828
ap1000,commercial,192.9075351182259
candu_ec6,commercial,190.33271421492867
ap1000,commercial,192.8450538370525
candu_ec6,commercial,186.7591691834784
ap1000,commercial,171.6004219435094
candu_ec6,commercial,181.74653041793877
ap1000,commercial,205.09732348951718
candu_ec6,commercial,167.2046642969677
ap1000,commercial,170.58737885896127
candu_ec6,commercial,165.55765421924417
ap1000,commercial,178.33924245301452
candu_ec6,commercial,169.0646811239802
ap1000,commercial,194.77457172131858
candu_ec6,commercial,171.68400526090343
ap1000,commercial,187.60866681954147
candu_ec6,commercial,172.87032809166124
ap1000,commercial,171.84276875058686
candu_ec6,commercial,199.9077945102686
ap1000,commercial,206.840245876716
candu_ec6,commercial,183.22997561269838
ap1000,commercial,188.04597779322242
candu_ec6,commercial,169.79142893143143
ap1000,commercial,186.28085867368145
candu_ec6,commercial,173.38595005231087
ap1000,commercial,191.91960247982004
candu_ec6,commercial,182.62157186953337
ap1000,commercial,199.53078095273352
candu_ec6,commercial,165.52392227247194
ap1000,commercial,191.54288167235129
candu_ec6,commercial,191.07382877406454
ap1000,commercial,164.93811389875125
candu_ec6,commercial,187.84006575414327
ap1000,commercial,214.0888005886053
candu_ec6,commercial,165.2097086166771
ap1000,commercial,192.72908022292495
candu_ec6,commercial,173.16186707906027
ap1000,commercial,180.3386156523271
candu_ec6,commercial,181.58181617192952
ap1000,commercial,170.4909450271649
candu_ec6,commercial,208.15003493804477
ap1000,commercial,162.544564771356
candu_ec6,commercial,190.38800928275157
ap1000,commercial,212.25902365500377
candu_ec6,commercial,195.5024961991061
ap1000,commercial,197.8284884055741
candu_ec6,commercial,183.88050448752273
ap1000,commercial,190.84908168765276
candu_ec6,commercial,186.9182683278337
ap1000,commercial,192.51635366735113
candu_ec6,commercial,191.14550470767873
ap1000,commercial,200.681677259117
candu_ec6,commercial,192.10496955328034
ap1000,commercial,166.25736412192117
candu_ec6,commercial,168.71369533495022
ap1000,commercial,199.62829956169952
candu_ec6,commercial,178.1690027624239
ap1000,commercial,202.0898178889663
candu_ec6,commercial,180.8131446123961
ap1000,commercial,166.78811747620117
candu_ec6,commercial,173.70122016593444
ap1000,commercial,195.19112430438892
candu_ec6,commercial,181.64215918847017
ap1000,commercial,202.4344628313598
candu_ec6,commercial,195.41371477592057
ap1000,commercial,162.8352763962127
candu_ec6,commercial,188.50339569187457
ap1000,commercial,199.74927125679758
candu_ec6,commercial,164.4373449787523
ap1000,commercial,193.07676027035723
candu_ec6,commercial,171.12546888218893
ap1000,commercial,171.87622269977632
candu_ec6,commercial,174.80660537393717
ap1000,commercial,163.3892405447855
candu_ec6,commercial,162.8433408637295
ap1000,commercial,209.68889454284422
candu_ec6,commercial,169.02495344239819
ap1000,commercial,172.08179156570282
candu_ec6,commercial,171.93522388046307
ap1000,commercial,187.45207087068243
candu_ec6,commercial,181.47083559963903
ap1000,commercial,176.07430599675936
candu_ec6,commercial,176.7225677228762
ap1000,commercial,195.17827171845033
candu_ec6,commercial,184.3113348450847
ap1000,commercial,167.4928222145265
candu_ec6,commercial,192.68582801948455
ap1000,commercial,189.82184896445136
candu_ec6,commercial,177.58104611460612
ap1000,commercial,191.60142692256588
candu_ec6,commercial,172.15884134720656
ap1000,commercial,210.10661993402732
candu_ec6,commercial,186.91795808553834
ap1000,commercial,192.72510906543906
candu_ec6,commercial,180.69991137901383
ap1000,commercial,189.4428019903645
candu_ec6,commercial,180.84924341700727
ap1000,commercial,176.5761629914963
candu_ec6,commercial,179.79504298599673
ap1000,commercial,180.40285288371126
candu_ec6,commercial,171.47992761295157
ap1000,commercial,193.5566223102491
candu_ec6,commercial,180.57633124441628
ap1000,commercial,196.05574025959936
candu_ec6,commercial,193.7306368645966
ap1000,commercial,188.15552053235396
candu_ec6,commercial,161.07204101266407
ap1000,commercial,180.2579447542974
candu_ec6,commercial,194.1811711789504
ap1000,commercial,185.87535694750622
candu_ec6,commercial,189.97688090591183
ap1000,commercial,199.71079207487412
candu_ec6,commercial,175.56447082912052
ap1000,commercial,199.3757482459903
candu_ec6,commercial,178.19567350873774
ap1000,commercial,198.65263824265864
candu_ec6,commercial,172.02956763681027
ap1000,commercial,202.8143141229688
candu_ec6,commercial,192.97909359882055
ap1000,commercial,193.29242274422535
candu_ec6,commercial,189.11374096033433
ap1000,commercial,207.95883281509307
candu_ec6,commercial,179.56551979164112
ap1000,commercial,222.458812132643
candu_ec6,commercial,180.35271649095367
ap1000,commercial,196.00994344173486
candu_ec6,commercial,188.03970185536087
ap1000,commercial,153.64947695056262
candu_ec6,commercial,189.07967428614572
ap1000,commercial,181.75130879830292
candu_ec6,commercial,196.90000034121684
ap1000,commercial,199.84285840480376
candu_ec6,commercial,192.40396444591872
ap1000,commercial,178.21394946379027
candu_ec6,commercial,180.62772383359325
ap1000,commercial,173.431677724029
candu_ec6,commercial,176.6421005090483
ap1000,commercial,192.96094939461574
candu_ec6,commercial,179.7077573110137
ap1000,commercial,184.25802600390028
candu_ec6,commercial,161.52887932106572
ap1000,commercial,206.1117026007366
candu_ec6,commercial,185.6096529959975
ap1000,commercial,182.81701322929183
candu_ec6,commercial,164.6700430475204
ap1000,commercial,170.88615726904828
candu_ec6,commercial,162.17139791149452
ap1000,commercial,182.8850442242937
candu_ec6,commercial,195.4807240173332
ap1000,commercial,172.400213260549
candu_ec6,commercial,178.2714945607126
ap1000,commercial,190.9875366298882
candu_ec6,commercial,170.25197111807358
ap1000,commercial,180.79228228718375
candu_ec6,commercial,191.0533411526597
ap1000,commercial,183.09659082984135
candu_ec6,commercial,191.97777360416055
ap1000,commercial,188.6157173666004
candu_ec6,commercial,183.39517764843018
ap1000,commercial,194.04610230241363
candu_ec6,commercial,190.13570434864988
ap1000,commercial,204.0094785907993
candu_ec6,commercial,182.09114896989945
ap1000,commercial,205.44660490270158
candu_ec6,commercial,174.01191338268154
ap1000,commercial,180.42847628434083
candu_ec6,commercial,195.99751394619983
ap1000,commercial,192.54637652417802
candu_ec6,commercial,185.80128845340604
ap1000,commercial,179.21864261541512
candu_ec6,commercial,180.7771937873978
ap1000,commercial,183.17690939610918
candu_ec6,commercial,175.9245401494859
ap1000,commercial,182.61728082245483
candu_ec6,commercial,194.22444699422527
ap1000,commercial,193.0169738710082
candu_ec6,commercial,170.4396103278317
ap1000,commercial,185.78272465662974
candu_ec6,commercial,178.94841730169367
ap1000,commercial,186.93611259889062
candu_ec6,commercial,177.3375761541176
ap1000,commercial,208.91034707349428
candu_ec6,commercial,163.82103081031178
ap1000,commercial,175.6605412658537
candu_ec6,commercial,175.19642930194092
ap1000,commercial,201.47466287056318
candu_ec6,commercial,183.6390663834931
ap1000,commercial,195.66445216758638
candu_ec6,commercial,184.74215185606064
ap1000,commercial,157.32104344871385
candu_ec6,commercial,191.76627154010384
ap1000,commercial,188.27473451556838
candu_ec6,commercial,197.72063949353702
ap1000,commercial,195.17615310932135
candu_ec6,commercial,184.54844350494565
ap1000,commercial,165.0942374581091
candu_ec6,commercial,175.9126271013845
ap1000,commercial,195.40390859336642
candu_ec6,commercial,175.13177308194085
ap1000,commercial,195.21100156002575
candu_ec6,commercial,185.8053680844159
ap1000,commercial,194.91306377082978
candu_ec6,commercial,185.20919548141615
ap1000,commercial,187.0045237763837
candu_ec6,commercial,177.85970554125106
ap1000,commercial,204.73953008464494
candu_ec6,commercial,186.21013070181442
ap1000,commercial,184.48558308317476
candu_ec6,commercial,182.44686958980873
ap1000,commercial,193.35217613330616
candu_ec6,commercial,181.0288273280345
ap1000,commercial,164.14705140283525
candu_ec6,commercial,191.32785798373973
ap1000,commercial,181.65130781702317
candu_ec6,commercial,182.49480727579788
ap1000,commercial,188.5227568565265
candu_ec6,commercial,181.78628777228153
ap1000,commercial,184.23861490778935
candu_ec6,commercial,197.06936686992776
ap1000,commercial,218.05023541725723
candu_ec6,commercial,192.6816256458505
ap1000,commercial,211.16363484032948
candu_ec6,commercial,180.94734020684257
ap1000,commercial,214.59940446166706
candu_ec6,commercial,162.07572730996284
ap1000,commercial,190.93264214177174
candu_ec6,commercial,179.40710574400995
ap1000,commercial,196.91511487208746
candu_ec6,commercial,181.46890323287457
ap1000,commercial,190.5295870291191
candu_ec6,commercial,176.03066008534003
ap1000,commercial,171.46753736468975
candu_ec6,commercial,190.11110413191167
ap1000,commercial,172.27226435159284
candu_ec6,commercial,186.56880916464593
ap1000,commercial,192.32107272537073
candu_ec6,commercial,192.7633825700482
ap1000,commercial,179.75473934161545
candu_ec6,commercial,172.96778981864142
ap1000,commercial,167.84490319759692
candu_ec6,commercial,167.27478794227306
ap1000,commercial,180.04169012002134
candu_ec6,commercial,195.32127834203692
ap1000,commercial,163.26539676907436
candu_ec6,commercial,162.65257020319558
ap1000,commercial,178.535021371911
candu_ec6,commercial,184.44739909055147
ap1000,commercial,191.30844946877195
candu_ec6,commercial,185.42012085528748
ap1000,commercial,194.55187441803108
candu_ec6,commercial,184.1224756956675
ap1000,commercial,179.32091142656424
candu_ec6,commercial,163.9428421620427
ap1000,commercial,198.55247943572232
candu_ec6,commercial,183.28561681313306
ap1000,commercial,194.86826877309355
candu_ec6,commercial,198.63249088618213
ap1000,commercial,207.16516462175204
candu_ec6,commercial,190.27671842250962
ap1000,commercial,204.9680287488305
candu_ec6,commercial,179.86144934948638
ap1000,commercial,188.37052963108465
candu_ec6,commercial,176.29097761985017
ap1000,commercial,205.49146013675556
candu_ec6,commercial,168.5449617977599
ap1000,commercial,197.200200668949
candu_ec6,commercial,183.44670123387664
ap1000,commercial,212.86087436736292
candu_ec6,commercial,172.11153346382153
ap1000,commercial,199.51355247131917
candu_ec6,commercial,169.3436066681488
ap1000,commercial,168.01137460886935
candu_ec6,commercial,194.0153101395759
ap1000,commercial,172.3813796438538
candu_ec6,commercial,199.36885214912616
ap1000,commercial,185.9183192873654
candu_ec6,commercial,177.43598941557082
ap1000,commercial,187.2985209241543
candu_ec6,commercial,182.7774406813069
ap1000,commercial,179.94978757000615
candu_ec6,commercial,189.99520043444912
ap1000,commercial,175.00166956834428
candu_ec6,commercial,185.11014536437833
ap1000,commercial,179.76193436187373
candu_ec6,commercial,171.04645707972577
ap1000,commercial,205.31063843843
candu_ec6,commercial,165.5625997226337
ap1000,commercial,177.83303307509973
candu_ec6,commercial,175.30157164426888
ap1000,commercial,177.96705960560726
candu_ec6,commercial,177.28813094453523
ap1000,commercial,187.75587247671
candu_ec6,commercial,187.6214563476045
ap1000,commercial,174.13312702117506
candu_ec6,commercial,185.8036211715782
ap1000,commercial,170.4885971181018
candu_ec6,commercial,192.01153112825665
ap1000,commercial,190.12889893582096
candu_ec6,commercial,190.5972130538424
ap1000,commercial,197.8850870928109
candu_ec6,commercial,194.56340853428316
ap1000,commercial,177.81786805444426
candu_ec6,commercial,192.73974129662392
ap1000,commercial,197.84942924604724
candu_ec6,commercial,174.66877855307118
ap1000,commercial,176.82236991943088
candu_ec6,commercial,183.89901352582712
ap1000,commercial,197.2970082390375
candu_ec6,commercial,164.78714374564274
ap1000,commercial,181.39987430336978
candu_ec6,commercial,182.6833051706739
ap1000,commercial,175.1444205494102
candu_ec6,commercial,176.75322522217448
ap1000,commercial,177.11546824787325
candu_ec6,commercial,173.27736319527116
ap1000,commercial,201.41760697418493
candu_ec6,commercial,184.68797844784515
ap1000,commercial,193.49605829614296
candu_ec6,commercial,189.52678874941347
ap1000,commercial,170.85009319883937
candu_ec6,commercial,177.98800665811228
ap1000,commercial,192.7765185295932
candu_ec6,commercial,175.84262856661303
ap1000,commercial,203.8814809657006
candu_ec6,commercial,186.48445365843983
ap1000,commercial,175.71536916041268
candu_ec6,commercial,188.23155121303552
ap1000,commercial,198.48807931881947
candu_ec6,commercial,189.16376964677528
ap1000,commercial,182.9975037998587
candu_ec6,commercial,205.11184626415053
ap1000,commercial,189.51860079122278
candu_ec6,commercial,176.30379521944482
ap1000,commercial,195.26664238768186
candu_ec6,commercial,190.69192052352324
ap1000,commercial,194.222886289555
candu_ec6,commercial,193.81677803834907
ap1000,commercial,175.3645970052227
candu_ec6,commercial,193.6517761883232
ap1000,commercial,199.48287220606005
candu_ec6,commercial,190.37742695313503
ap1000,commercial,161.66111196856008
candu_ec6,commercial,175.80724974499796
ap1000,commercial,205.5726261803083
candu_ec6,commercial,173.89973658909156
ap1000,commercial,169.71820464809556
candu_ec6,commercial,178.37162558700416
ap1000,commercial,169.6571412254602
candu_ec6,commercial,190.57071928010913
ap1000,commercial,155.52112807413334
candu_ec6,commercial,165.934342328255
ap1000,commercial,203.67733250815465
candu_ec6,commercial,173.65111194933758
ap1000,commercial,168.11915173191863
candu_ec6,commercial,179.1142344154833
ap1000,commercial,169.41808644271163
candu_ec6,commercial,171.34902846630493
ap1000,commercial,206.587372659014
candu_ec6,commercial,187.26251094781742
ap1000,commercial,187.11719336308025
candu_ec6,commercial,177.23981732360173
ap1000,commercial,178.3853176494241
candu_ec6,commercial,157.4815903948049
ap1000,commercial,195.6633007514027
candu_ec6,commercial,193.9549455035418
ap1000,commercial,182.1501919870531
candu_ec6,commercial,174.33678311282773
ap1000,commercial,189.29349414573602
candu_ec6,commercial,182.053383158318
ap1000,commercial,199.28026487681436
candu_ec6,commercial,190.57362233898664
ap1000,commercial,185.5255740235675
candu_ec6,commercial,185.0234948682502
ap1000,commercial,184.41255526748657
candu_ec6,commercial,170.97527900052012
ap1000,commercial,171.9035396349705
candu_ec6,commercial,171.26907251033913
ap1000,commercial,193.6452726490547
candu_ec6,commercial,180.55915194242178
ap1000,commercial,196.97683812774963
candu_ec6,commercial,187.33597216955502
ap1000,commercial,174.94223589941603
candu_ec6,commercial,184.96602500932119
ap1000,commercial,193.145440490481
candu_ec6,commercial,183.79963129266002
ap1000,commercial,199.18495629544154
candu_ec6,commercial,194.58610149379263
ap1000,commercial,194.07744108612545
candu_ec6,commercial,167.1498732788843
ap1000,commercial,201.1081103981052
candu_ec6,commercial,178.85214985236857
ap1000,commercial,195.56239307203833
candu_ec6,commercial,190.57530255146463
ap1000,commercial,181.0888479833355
candu_ec6,commercial,174.03260051488536
ap1000,commercial,191.55133797466522
candu_ec6,commercial,193.5334563269572
ap1000,commercial,177.2503369917501
candu_ec6,commercial,195.26805215177492
ap1000,commercial,198.40745276959987
candu_ec6,commercial,183.96406320009902
ap1000,commercial,164.41657014426605
candu_ec6,commercial,176.10017396135044
ap1000,commercial,174.1832689078712
candu_ec6,commercial,192.72994372574448
ap1000,commercial,195.58747114508017
candu_ec6,commercial,182.7159755743233
ap1000,commercial,176.6495620197365
candu_ec6,commercial,174.74383578926145
ap1000,commercial,188.85306540449295
candu_ec6,commercial,185.7213126043018
ap1000,commercial,200.42075314738088
candu_ec6,commercial,180.92601458659476
ap1000,commercial,205.97139754734215
candu_ec6,commercial,175.36591932088675
ap1000,commercial,187.75281855533817
candu_ec6,commercial,195.65433908475916
ap1000,commercial,184.74425375297878
candu_ec6,commercial,177.56251376719558
ap1000,commercial,178.0615702482142
candu_ec6,commercial,174.1064139679609
ap1000,commercial,179.40996001071983
candu_ec6,commercial,184.3339360128233
ap1000,commercial,207.7798954219177
candu_ec6,commercial,181.9208321629235
ap1000,commercial,199.10767789299044
candu_ec6,commercial,175.89998460277064
ap1000,commercial,217.14964224002256
candu_ec6,commercial,183.04777845741313
ap1000,commercial,207.9572768518264
candu_ec6,commercial,184.96051158707348
ap1000,commercial,176.0117009770646
candu_ec6,commercial,185.52205733206353
ap1000,commercial,167.36757318690627
candu_ec6,commercial,181.64575533718516
ap1000,commercial,188.97536269765587
candu_ec6,commercial,178.66235400936276
ap1000,commercial,200.06891163434554
candu_ec6,commercial,191.26828801855487
ap1000,commercial,196.44812312289926
candu_ec6,commercial,177.3888474785754
ap1000,commercial,194.91593610376765
candu_ec6,commercial,181.89717254739213
ap1000,commercial,191.76555109938997
candu_ec6,commercial,166.36026979981153
ap1000,commercial,184.19205209762444
candu_ec6,commercial,173.58357552701406
ap1000,commercial,191.9217165981251
candu_ec6,commercial,187.1732599900675
ap1000,commercial,174.87981314016878
candu_ec6,commercial,191.04070907376735
ap1000,commercial,192.82944388904775
candu_ec6,commercial,166.74763512463457
ap1000,commercial,189.29762486154613
candu_ec6,commercial,174.45907695671667
ap1000,commercial,208.8851573042344
candu_ec6,commercial,171.09026731397142
ap1000,commercial,192.76136912136204
candu_ec6,commercial,192.04194486822175
ap1000,commercial,192.6523987596848
candu_ec6,commercial,187.07005475367393
ap1000,commercial,170.00373538100024
candu_ec6,commercial,179.1118973498738
ap1000,commercial,208.86448830398425
candu_ec6,commercial,165.4009490075192
ap1000,commercial,213.0669843843286
candu_ec6,commercial,186.57983152951843
ap1000,commercial,183.3509546103083
candu_ec6,commercial,177.53424054628647
ap1000,commercial,200.30784602951962
candu_ec6,commercial,178.55251647224276
ap1000,commercial,198.7531677039346
candu_ec6,commercial,205.42435154501058
ap1000,commercial,182.37152576875548
candu_ec6,commercial,184.35088518978603
ap1000,commercial,180.52009401348172
candu_ec6,commercial,170.6402822319862
ap1000,commercial,195.1206272887892
candu_ec6,commercial,171.99838264875638
ap1000,commercial,189.96251034003944
candu_ec6,commercial,191.27817665359905
ap1000,commercial,188.72296246156841
candu_ec6,commercial,197.30560148386962
ap1000,commercial,170.77505025964436
candu_ec6,commercial,185.34804834968148
ap1000,commercial,199.99100300555233
candu_ec6,commercial,194.86409259110187
ap1000,commercial,180.72119847508313
candu_ec6,commercial,184.12782925709158
ap1000,commercial,188.69201530382176
candu_ec6,commercial,203.60198944550024
ap1000,commercial,186.92399327333368
candu_ec6,commercial,172.53246496637033
ap1000,commercial,160.2551976526052
candu_ec6,commercial,172.49479876465153
ap1000,commercial,205.99402806378882
candu_ec6,commercial,194.39539321567395
ap1000,commercial,184.47530230765872
candu_ec6,commercial,174.15371634429698
ap1000,commercial,199.56932642725062
candu_ec6,commercial,175.47708272777214
ap1000,commercial,188.13685922897614
candu_ec6,commercial,179.82300041884508
ap1000,commercial,212.46107182605368
candu_ec6,commercial,196.87322840599867
ap1000,commercial,191.2450876955339
candu_ec6,commercial,176.468980771061
ap1000,commercial,176.1176297683301
candu_ec6,commercial,167.67273243789833
ap1000,commercial,191.85466262793773
candu_ec6,commercial,189.1416906589091
ap1000,commercial,180.88350344541746
candu_ec6,commercial,174.70087676176112
ap1000,commercial,190.40188649519885
candu_ec6,commercial,170.90484903801504
ap1000,commercial,191.48376427618555
candu_ec6,commercial,184.76875850682737
ap1000,commercial,188.3855075158153
candu_ec6,commercial,183.1888057393396
ap1000,commercial,185.88269176302478
candu_ec6,commercial,180.5799179449268
ap1000,commercial,211.43930418445393
candu_ec6,commercial,172.76358440160269
ap1000,commercial,191.3329820234674
candu_ec6,commercial,186.24634358505367
ap1000,commercial,183.26117260741177
candu_ec6,commercial,198.74299313578845
ap1000,commercial,157.1605287996096
candu_ec6,commercial,188.68175611241207
ap1000,commercial,197.99217974660954
candu_ec6,commercial,186.88866662425306
ap1000,commercial,168.94334764335022
candu_ec6,commercial,176.39965461816013
ap1000,commercial,167.40680824520715
candu_ec6,commercial,174.98287838727325
ap1000,commercial,186.33516023995298
candu_ec6,commercial,163.28454036136424
ap1000,commercial,195.17577938168787
candu_ec6,commercial,191.30397055315382
ap1000,commercial,176.10464367335788
candu_ec6,commercial,180.82158828085906
ap1000,commercial,181.62631607221684
candu_ec6,commercial,180.06318998007194
ap1000,commercial,170.31378983852082
candu_ec6,commercial,202.94728775168778
ap1000,commercial,192.2502867248777
candu_ec6,commercial,182.37563519400547
ap1000,commercial,201.83153621909048
candu_ec6,commercial,187.46907479315314
ap1000,commercial,187.48853062773293
candu_ec6,commercial,176.57017630185794
ap1000,commercial,165.08773839479747
candu_ec6,commercial,167.47416603715865
ap1000,commercial,180.35261427637488
candu_ec6,commercial,185.3961251824411
ap1000,commercial,188.15131555546392
candu_ec6,commercial,177.1806415745657
ap1000,commercial,171.42960828044116
candu_ec6,commercial,172.72003614943938
ap1000,commercial,176.64069923885603
candu_ec6,commercial,181.9638595571973
ap1000,commercial,167.3559053591664
candu_ec6,commercial,185.2081672998737
ap1000,commercial,194.93371196497426
candu_ec6,commercial,164.64856727603825
ap1000,commercial,192.1709246968098
candu_ec6,commercial,203.54213811343456
ap1000,commercial,196.46814110273854
candu_ec6,commercial,181.2964995536144
ap1000,commercial,179.09749755087623
candu_ec6,commercial,205.35475246986616
ap1000,commercial,178.64201939451476
candu_ec6,commercial,182.49970618626736
ap1000,commercial,176.91641413296327
candu_ec6,commercial,176.85893636253147
ap1000,commercial,169.230726250915
candu_ec6,commercial,178.72033585083688
ap1000,commercial,190.47297956657772
candu_ec6,commercial,186.70969769083533
ap1000,commercial,189.18566084775827
candu_ec6,commercial,179.91255222470332
ap1000,commercial,181.3338007552579
candu_ec6,commercial,172.39406925049565
ap1000,commercial,195.7170553357383
candu_ec6,commercial,174.0072634130534
ap1000,commercial,209.44024688300428
candu_ec6,commercial,187.55918240493307
ap1000,commercial,205.2400976945053
candu_ec6,commercial,178.77728948060792
ap1000,commercial,199.04778393044862
candu_ec6,commercial,180.7371014037275
ap1000,commercial,170.8629573952239
candu_ec6,commercial,170.19350426103344
ap1000,commercial,206.6228595904343
candu_ec6,commercial,207.64617076216334
ap1000,commercial,162.05559128153538
candu_ec6,commercial,177.40954487759822
ap1000,commercial,194.16492498641884
candu_ec6,commercial,201.3921385242451
ap1000,commercial,195.57630395189022
candu_ec6,commercial,176.16375519600362
ap1000,commercial,199.65606051031148
candu_ec6,commercial,199.21314160222505
ap1000,commercial,201.80235458959294
candu_ec6,commercial,170.09027711915778
ap1000,commercial,198.7347855067726
candu_ec6,commercial,186.39310883035867
ap1000,commercial,208.1231260935665
candu_ec6,commercial,188.5315484674719
ap1000,commercial,201.1361987595861
candu_ec6,commercial,180.62968985944397
ap1000,commercial,151.16761012690208
candu_ec6,commercial,173.02226560001554
ap1000,commercial,170.54186872251145
candu_ec6,commercial,193.06714791228188
ap1000,commercial,159.2824557768397
candu_ec6,commercial,195.31627393338113
ap1000,commercial,191.29356296330488
candu_ec6,commercial,184.71612034369662
ap1000,commercial,191.04702845563034
candu_ec6,commercial,184.2810293194059
ap1000,commercial,177.11088655667436
candu_ec6,commercial,176.16423787548806
ap1000,commercial,189.16158093839192
candu_ec6,commercial,189.87688583313835
ap1000,commercial,196.12727524229805
candu_ec6,commercial,186.80655685175674
ap1000,commercial,188.71198674583593
candu_ec6,commercial,191.09047927925872
ap1000,commercial,212.02965642777784
candu_ec6,commercial,209.65472165398586
ap1000,commercial,207.8983490972319
candu_ec6,commercial,184.5172590182922
ap1000,commercial,191.80952084291349
candu_ec6,commercial,179.08710739879413
ap1000,commercial,196.41184815968418
candu_ec6,commercial,176.87040555185328
ap1000,commercial,155.9374718551862
candu_ec6,commercial,180.77080594677622
ap1000,commercial,187.35433491989542
candu_ec6,commercial,169.9642556816879
ap1000,commercial,201.0001576442316
candu_ec6,commercial,182.21815207828112
ap1000,commercial,184.00299288167483
candu_ec6,commercial,191.35780809195035
ap1000,commercial,157.75215024529965
candu_ec6,commercial,170.78235681028985
ap1000,commercial,173.4324852800283
candu_ec6,commercial,173.91155777444317
ap1000,commercial,163.9569617628564
candu_ec6,commercial,167.2761171417488
ap1000,commercial,205.9516794913076
candu_ec6,commercial,189.71179426599574
ap1000,commercial,158.32915397125515
candu_ec6,commercial,181.0154268056012
ap1000,commercial,199.06911615055463
candu_ec6,commercial,213.72121883976217
ap1000,commercial,184.48762842240956
candu_ec6,commercial,190.38973395187327
ap1000,commercial,169.07101077615167
candu_ec6,commercial,185.23961983797798
ap1000,commercial,164.76242245176263
candu_ec6,commercial,181.7322954859536
ap1000,commercial,186.68981647781
candu_ec6,commercial,183.01528190057647
ap1000,commercial,193.96803438389423
candu_ec6,commercial,194.30464948597592
ap1000,commercial,200.71568006926702
candu_ec6,commercial,169.0130332167538
ap1000,commercial,191.5047191758563
candu_ec6,commercial,164.96973292366138
ap1000,commercial,184.02492276819987
candu_ec6,commercial,169.1245438941059
ap1000,commercial,198.91149092554485
candu_ec6,commercial,199.91267546103057
ap1000,commercial,204.36607930991906
candu_ec6,commercial,185.0487190839019
ap1000,commercial,180.02979597825507
candu_ec6,commercial,175.76991929210803
ap1000,commercial,193.6186686368193
candu_ec6,commercial,169.53530450911944
ap1000,commercial,173.76916200981825
candu_ec6,commercial,167.59490509550213
ap1000,commercial,163.90177840730973
candu_ec6,commercial,175.59696982597436
ap1000,commercial,193.66703098189384
candu_ec6,commercial,185.82400986993272
ap1000,commercial,182.25125099628983
candu_ec6,commercial,181.50607381515826
ap1000,commercial,164.72918862674206
candu_ec6,commercial,181.32377925070642
ap1000,commercial,178.19992247913146
candu_ec6,commercial,197.45880133234758
ap1000,commercial,209.24351893677488
candu_ec6,commercial,172.73460104133568
ap1000,commercial,175.50383358437116
candu_ec6,commercial,178.33978804666046
ap1000,commercial,192.9969076996422
candu_ec6,commercial,181.0912620769626
ap1000,commercial,189.34009405981718
candu_ec6,commercial,181.2381757872335
ap1000,commercial,195.73705831021485
candu_ec6,commercial,178.55574760178087
ap1000,commercial,200.71886791698745
candu_ec6,commercial,189.89717366354645
ap1000,commercial,203.14686165850446
candu_ec6,commercial,185.95823494244314
ap1000,commercial,203.97504121842792
candu_ec6,commercial,191.82029462225137
ap1000,commercial,199.9091433465702
candu_ec6,commercial,184.90115967255437
ap1000,commercial,200.13084390262273
candu_ec6,commercial,166.7971692862282
ap1000,commercial,180.15492286806276
candu_ec6,commercial,174.45827054008095
ap1000,commercial,181.64839309487073
candu_ec6,commercial,175.549607156835
ap1000,commercial,173.57535468660635
candu_ec6,commercial,189.3291953199432
ap1000,commercial,201.15109552188204
candu_ec6,commercial,182.57406607842208
ap1000,commercial,187.84292240542342
candu_ec6,commercial,185.44333323939122
ap1000,commercial,164.35090334504167
candu_ec6,commercial,181.21735777372788
ap1000,commercial,197.44040840433686
candu_ec6,commercial,190.4246625468354
ap1000,commercial,187.41982289857026
candu_ec6,commercial,206.6373687153173
ap1000,commercial,194.6187702989343
candu_ec6,commercial,171.62795956957075
ap1000,commercial,188.8280887739094
candu_ec6,commercial,183.8174554469075
ap1000,commercial,196.7944690755569
candu_ec6,commercial,182.5540975504486
ap1000,commercial,158.6218561844652
candu_ec6,commercial,173.90612380314425
ap1000,commercial,161.25281949784443
candu_ec6,commercial,175.57900914991617
ap1000,commercial,174.40612348312328
candu_ec6,commercial,172.82138051666485
ap1000,commercial,192.05751201217785
candu_ec6,commercial,190.9418950558608
ap1000,commercial,183.61961382526874
candu_ec6,commercial,173.33197407990914
ap1000,commercial,175.50864919974444
candu_ec6,commercial,190.59367068739328
ap1000,commercial,188.29739662754272
candu_ec6,commercial,178.95764789157744
ap1000,commercial,166.9170208940098
candu_ec6,commercial,195.28148415061167
ap1000,commercial,191.4757539217168
candu_ec6,commercial,177.1559893877642
ap1000,commercial,192.36423290939035
candu_ec6,commercial,186.6772097475633
ap1000,commercial,208.09309897672182
candu_ec6,commercial,180.82126837721623
ap1000,commercial,181.23185558455583
candu_ec6,commercial,176.82968202467802
ap1000,commercial,186.39944109704078
candu_ec6,commercial,190.18073597808495
ap1000,commercial,172.09838645920124
candu_ec6,commercial,170.02010572709275
ap1000,commercial,184.98020426995765
candu_ec6,commercial,182.30272865045404
ap1000,commercial,185.0614387460232
candu_ec6,commercial,180.12067251070948
ap1000,commercial,183.11966213118106
candu_ec6,commercial,168.61818680288306
ap1000,commercial,204.42407597372778
candu_ec6,commercial,183.1822159934508
ap1000,commercial,193.29791148715265
candu_ec6,commercial,172.79533997455235
ap1000,commercial,174.62381122449395
candu_ec6,commercial,185.35582117754367
ap1000,commercial,192.16460081923842
candu_ec6,commercial,175.0900220704717
ap1000,commercial,179.4090133654926
candu_ec6,commercial,186.80979528918078
ap1000,commercial,166.5006536175152
candu_ec6,commercial,180.56498932480932
ap1000,commercial,205.55566033530002
candu_ec6,commercial,186.71118373298805
ap1000,commercial,170.12870956474958
candu_ec6,commercial,175.0465947829241
ap1000,commercial,195.18673249111595
candu_ec6,commercial,185.13863966400638
ap1000,commercial,171.57500590989213
candu_ec6,commercial,176.93182781478205
ap1000,commercial,209.00792687924934
candu_ec6,commercial,173.31745017540962
ap1000,commercial,174.85065233173378
candu_ec6,commercial,180.99632391063778
ap1000,commercial,190.87525968986304
candu_ec6,commercial,168.57953928628697
ap1000,commercial,181.74874616100547
candu_ec6,commercial,169.1914616715841
ap1000,commercial,183.9494362856748
candu_ec6,commercial,173.0674612890772
ap1000,commercial,170.86758178815623
candu_ec6,commercial,190.95157549973257
ap1000,commercial,169.60015966387687
candu_ec6,commercial,202.14145009218342
ap1000,commercial,172.0033304871161
candu_ec6,commercial,164.1393620915138
ap1000,commercial,169.7347310363465
candu_ec6,commercial,176.1133331372928
ap1000,commercial,189.72036752535223
candu_ec6,commercial,175.6130861534038
ap1000,commercial,190.64816295693706
candu_ec6,commercial,182.1845169825614
ap1000,commercial,208.43907574051408
candu_ec6,commercial,201.86425448928142
ap1000,commercial,201.182868444292
candu_ec6,commercial,181.4802367765842
ap1000,commercial,209.81470270934875
candu_ec6,commercial,197.494829537989
ap1000,commercial,217.45553907445105
candu_ec6,commercial,180.87631963903718
ap1000,commercial,156.58440755261034
candu_ec6,commercial,184.62209311262106
ap1000,commercial,171.86934363878927
candu_ec6,commercial,193.8641900634263
ap1000,commercial,174.14982021796507
candu_ec6,commercial,172.55633062924073
ap1000,commercial,197.9269045466754
candu_ec6,commercial,182.39821942873968
ap1000,commercial,182.32934579485666
candu_ec6,commercial,200.9780059147825
ap1000,commercial,174.507389775135
candu_ec6,commercial,179.11647657735466
ap1000,commercial,191.53266739353117
candu_ec6,commercial,183.5106930193643
ap1000,commercial,182.6322380943676
candu_ec6,commercial,196.4957414184517
ap1000,commercial,207.79933190723042
candu_ec6,commercial,177.57639004692206
ap1000,commercial,193.9458475250131
candu_ec6,commercial,182.34856800210798
ap1000,commercial,201.9762448827782
candu_ec6,commercial,175.98265087429553
ap1000,commercial,195.6023463785074
candu_ec6,commercial,181.3380742161706
ap1000,commercial,168.30689442622025
candu_ec6,commercial,180.04278677797086
ap1000,commercial,174.58298898221483
candu_ec6,commercial,172.08425212102503
ap1000,commercial,168.3192017664989
candu_ec6,commercial,169.39198493648968
ap1000,commercial,155.8154329243003
candu_ec6,commercial,176.74889955591803
ap1000,commercial,193.41764686729115
candu_ec6,commercial,180.9451077461193
ap1000,commercial,212.0289776722958
candu_ec6,commercial,170.92513025616344
ap1000,commercial,196.41561113070927
candu_ec6,commercial,188.86000801505818
ap1000,commercial,206.15025938651854
candu_ec6,commercial,178.88875922467588
ap1000,commercial,199.82244991240736
candu_ec6,commercial,184.9398143839278
ap1000,commercial,186.70259632472153
candu_ec6,commercial,180.77793636756942
ap1000,commercial,182.05716416627655
candu_ec6,commercial,186.93101781325691
ap1000,commercial,168.69828327806084
candu_ec6,commercial,187.73910891324502
ap1000,commercial,198.9480861068853
candu_ec6,commercial,195.35914605392855
ap1000,commercial,180.62593052661887
candu_ec6,commercial,202.00543428909387
ap1000,commercial,195.7460432295052
candu_ec6,commercial,185.5336474027556
ap1000,commercial,209.17242504733628
candu_ec6,commercial,182.19606641458665
ap1000,commercial,193.31311007405725
candu_ec6,commercial,198.7124985976926
ap1000,commercial,208.73653200935516
candu_ec6,commercial,174.77776134889604
ap1000,commercial,189.0132005073137
candu_ec6,commercial,160.86688951683823
ap1000,commercial,205.58882655220856
candu_ec6,commercial,187.7424622918787
ap1000,commercial,189.49064315218578
candu_ec6,commercial,184.16273260946755
ap1000,commercial,183.18215358706306
candu_ec6,commercial,178.30559269170126
ap1000,commercial,182.65571051918553
candu_ec6,commercial,195.26500275388514
ap1000,commercial,197.39936486789804
candu_ec6,commercial,169.1285113340486
ap1000,commercial,182.03808555647345
candu_ec6,commercial,177.105323455577
ap1000,commercial,174.07616577814
candu_ec6,commercial,179.2145021682942
ap1000,commercial,189.3083602706609
candu_ec6,commercial,172.88437307969116
ap1000,commercial,160.14421097163302
candu_ec6,commercial,179.4869556060902
ap1000,commercial,177.2860444767807
candu_ec6,commercial,175.41485789917724
ap1000,commercial,191.20498859397537
candu_ec6,commercial,163.86568704605938
ap1000,commercial,184.2794853346254
candu_ec6,commercial,183.04793438449212
ap1000,commercial,185.17819982353262
candu_ec6,commercial,166.00239133232185
ap1000,commercial,161.47053355178977
candu_ec6,commercial,178.35908525148676
ap1000,commercial,188.19660119975518
candu_ec6,commercial,182.99297938417345
ap1000,commercial,190.23089571330667
candu_ec6,commercial,180.75302199433324
ap1000,commercial,194.16770100365642
candu_ec6,commercial,182.6911892309167
ap1000,commercial,178.9289689967153
candu_ec6,commercial,171.610692190912
ap1000,commercial,191.88635750118837
candu_ec6,commercial,180.70086258615376
ap1000,commercial,192.15964841930554
candu_ec6,commercial,164.45753340014915
ap1000,commercial,194.0480013048452
candu_ec6,commercial,181.08825438989584
ap1000,commercial,171.41539858795713
candu_ec6,commercial,177.60512707402506
ap1000,commercial,188.27633731378606
candu_ec6,commercial,186.0934538434868
ap1000,commercial,178.89649058264303
candu_ec6,commercial,194.379842491179
ap1000,commercial,187.14913455895396
candu_ec6,commercial,185.77580720748057
ap1000,commercial,200.0048356756689
candu_ec6,commercial,180.16835891590569
ap1000,commercial,168.58251890388823
candu_ec6,commercial,194.75951002958163
ap1000,commercial,190.75001322719268
candu_ec6,commercial,178.333737803505
ap1000,commercial,187.55807160361724
candu_ec6,commercial,190.03271442284841
ap1000,commercial,202.42678364369715
candu_ec6,commercial,182.50788298396827
ap1000,commercial,180.12599625432347
candu_ec6,commercial,185.61157398159665
ap1000,commercial,189.53862742771378
candu_ec6,commercial,178.0236571868422
ap1000,commercial,179.04849820937392
candu_ec6,commercial,177.91081024310174
ap1000,commercial,172.1819994151508
candu_ec6,commercial,175.4610489212121
ap1000,commercial,176.91256556161625
candu_ec6,commercial,185.96481890995244
ap1000,commercial,187.42614710787862
candu_ec6,commercial,206.94332090189312
ap1000,commercial,195.35794984317317
candu_ec6,commercial,189.03587514035516
ap1000,commercial,171.8424097584888
candu_ec6,commercial,188.58652168808493
ap1000,commercial,176.21118984381292
candu_ec6,commercial,182.5359469855852
ap1000,commercial,183.2941306255823
candu_ec6,commercial,176.2867801658111
ap1000,commercial,203.85541807106551
candu_ec6,commercial,167.2072821298756
ap1000,commercial,175.53249479358664
candu_ec6,commercial,182.12457487726525
ap1000,commercial,163.58648845788562
candu_ec6,commercial,182.14016110782194
ap1000,commercial,179.53725059100213
candu_ec6,commercial,172.85146756155515
ap1000,commercial,183.48701007554305
candu_ec6,commercial,173.89564774130005
ap1000,commercial,190.24941241399188
candu_ec6,commercial,193.73573093570926
ap1000,commercial,186.18638054467957
candu_ec6,commercial,191.2526212038824
ap1000,commercial,207.83329458252322
candu_ec6,commercial,189.28879434672606
ap1000,commercial,195.4131542883663
candu_ec6,commercial,176.5319742319323
ap1000,commercial,177.78730689261664
candu_ec6,commercial,180.44831561385655
ap1000,commercial,187.94493211737387
candu_ec6,commercial,169.74387518422722
ap1000,commercial,184.85398665305598
candu_ec6,commercial,173.123014704339
ap1000,commercial,188.85304916166476
candu_ec6,commercial,177.4315138462741
ap1000,commercial,186.94113662137082
candu_ec6,commercial,186.84272559888834
ap1000,commercial,181.92572175612636
candu_ec6,commercial,181.73545687738712
ap1000,commercial,212.39236850959404
candu_ec6,commercial,184.5653623131054
ap1000,commercial,181.58017561007296
candu_ec6,commercial,176.32183044574646
ap1000,commercial,178.81594035649573
candu_ec6,commercial,175.93444480483464
ap1000,commercial,190.9280155772894
candu_ec6,commercial,184.95881565613502
ap1000,commercial,206.3378788691591
candu_ec6,commercial,190.0311141541774
ap1000,commercial,171.10991844790234
candu_ec6,commercial,197.02958109682208
ap1000,commercial,192.941794251073
candu_ec6,commercial,199.70673596144687
ap1000,commercial,207.40543567903634
candu_ec6,commercial,186.58342532879198
ap1000,commercial,195.66741941144414
candu_ec6,commercial,168.98741228783285
ap1000,commercial,194.5085578129272
candu_ec6,commercial,197.14984003687263
ap1000,commercial,193.5548399296432
candu_ec6,commercial,190.14978225638393
ap1000,commercial,186.63183311451766
candu_ec6,commercial,170.51835426155841
ap1000,commercial,169.88302863633172
candu_ec6,commercial,177.80069716649143
ap1000,commercial,195.29768607731089
candu_ec6,commercial,178.75504505150894
ap1000,commercial,198.1420987654878
candu_ec6,commercial,180.27970792996416
ap1000,commercial,204.98111892411129
candu_ec6,commercial,175.87922027621065
ap1000,commercial,201.4539096002008
candu_ec6,commercial,198.23504983623093
ap1000,commercial,194.9838667232379
candu_ec6,commercial,176.54861665933487
ap1000,commercial,182.00458878676648
candu_ec6,commercial,183.88852432140388
ap1000,commercial,186.80806941736566
candu_ec6,commercial,171.4503115201706
ap1000,commercial,177.70548020968
candu_ec6,commercial,168.54829666641513
ap1000,commercial,167.0613290067349
candu_ec6,commercial,201.5340634948531
ap1000,commercial,161.67548996148375
candu_ec6,commercial,182.2791989772803
ap1000,commercial,195.08644561067854
candu_ec6,commercial,180.77272514616675
ap1000,commercial,188.58367742709976
candu_ec6,commercial,168.57051911924157
ap1000,commercial,174.44209891479284
candu_ec6,commercial,185.73548967346267
ap1000,commercial,183.0444558494266
candu_ec6,commercial,171.8830912548935
ap1000,commercial,180.53899947199585
candu_ec6,commercial,195.79518047880524
ap1000,commercial,212.67227086857997
candu_ec6,commercial,196.9183809862227
ap1000,commercial,213.51207451780837
candu_ec6,commercial,206.1123679436365
ap1000,commercial,162.19646851301175
candu_ec6,commercial,186.9968509287492
ap1000,commercial,187.2302739074578
candu_ec6,commercial,184.2074564392448
ap1000,commercial,197.41557420751022
candu_ec6,commercial,192.95959927101057
ap1000,commercial,196.47809945759533
candu_ec6,commercial,191.00544505974233
ap1000,commercial,154.49720445559717
candu_ec6,commercial,166.78269942082494
ap1000,commercial,190.52968623646424
candu_ec6,commercial,176.83422596701277
ap1000,commercial,185.2841027813923
candu_ec6,commercial,178.78869620919116
ap1000,commercial,181.12162740438515
candu_ec6,commercial,200.51451332570684
ap1000,commercial,180.52342018007036
candu_ec6,commercial,182.26054723199888
ap1000,commercial,190.10068150166157
candu_ec6,commercial,190.28461315145438
ap1000,commercial,189.33012811592047
candu_ec6,commercial,193.7688559611107
ap1000,commercial,212.39559637096235
candu_ec6,commercial,198.40228510866683
ap1000,commercial,219.5709321439091
candu_ec6,commercial,190.36119366793545
ap1000,commercial,177.41269200598015
candu_ec6,commercial,189.85717065040637
ap1000,commercial,192.20558434749873
candu_ec6,commercial,201.97453736831284
ap1000,commercial,182.2606858910969
candu_ec6,commercial,175.44889939597283
ap1000,commercial,161.9051338916349
candu_ec6,commercial,173.90168552464155
ap1000,commercial,181.25264099779955
candu_ec6,commercial,188.04473148078966
ap1000,commercial,175.64584898729882
candu_ec6,commercial,180.30162259674108
ap1000,commercial,182.28986739188204
candu_ec6,commercial,191.40586134017707
ap1000,commercial,204.36286680305247
candu_ec6,commercial,189.09592440953318
ap1000,commercial,181.32276412930827
candu_ec6,commercial,197.04657706442126
ap1000,commercial,189.17588510287746
candu_ec6,commercial,171.7373063898943
ap1000,commercial,199.56706988666474
candu_ec6,commercial,191.60198816554737
ap1000,commercial,189.29966024223353
candu_ec6,commercial,183.69037904198905
ap1000,commercial,199.7617530108186
candu_ec6,commercial,191.91890980222882
ap1000,commercial,186.72272218835224
candu_ec6,commercial,188.84579555821168
ap1000,commercial,173.97338909302508
candu_ec6,commercial,181.30750700442624
ap1000,commercial,203.80825025365996
candu_ec6,commercial,174.9157771938627
ap1000,commercial,163.035676049278
candu_ec6,commercial,186.27900563530434
ap1000,commercial,187.45210954167914
candu_ec6,commercial,185.37345028897806
ap1000,commercial,181.61034340580798
candu_ec6,commercial,176.3906751441263
ap1000,commercial,191.25681261071023
candu_ec6,commercial,171.01418285187466
ap1000,commercial,185.5620763894679
candu_ec6,commercial,171.61409774606568
ap1000,commercial,182.69104566202694
candu_ec6,commercial,182.24912107128714
ap1000,commercial,160.3965254736236
candu_ec6,commercial,184.76054342284135
ap1000,commercial,197.07431380484383
candu_ec6,commercial,184.84190269826468
ap1000,commercial,190.0534318776749
candu_ec6,commercial,185.63217766149953
ap1000,commercial,183.3439214328006
candu_ec6,commercial,185.91594834233138
ap1000,commercial,204.07634403061337
candu_ec6,commercial,185.4173557587893
ap1000,commercial,194.89193908415052
candu_ec6,commercial,178.48336210471678
ap1000,commercial,176.22473797811747
candu_ec6,commercial,185.58176568812542
ap1000,commercial,175.40273938606762
candu_ec6,commercial,183.00955147107226
ap1000,commercial,158.2030616542189
candu_ec6,commercial,191.5102311534272
ap1000,commercial,173.73495734625635
candu_ec6,commercial,197.26419264629587
ap1000,commercial,182.99829023999527
candu_ec6,commercial,183.35545166183866
ap1000,commercial,194.61375434800408
candu_ec6,commercial,185.4091333965365
ap1000,commercial,195.86789542210667
candu_ec6,commercial,182.3781703913428
ap1000,commercial,175.89747553008664
candu_ec6,commercial,180.4796228981222
ap1000,commercial,191.65279648182963
candu_ec6,commercial,174.0529213862006
ap1000,commercial,208.3533911075302
candu_ec6,commercial,172.11098700867242
ap1000,commercial,165.6212595255504
candu_ec6,commercial,185.17022910553573
ap1000,commercial,180.3510505835362
candu_ec6,commercial,159.97368279936148
ap1000,commercial,181.47469789203888
candu_ec6,commercial,181.03251882605926
ap1000,commercial,170.25494185300002
candu_ec6,commercial,183.34920135612356
ap1000,commercial,192.9376892459589
candu_ec6,commercial,185.61290041907193
ap1000,commercial,187.04863375013065
candu_ec6,commercial,184.88869451747482
ap1000,commercial,179.04294350050878
candu_ec6,commercial,179.458508480164
ap1000,commercial,164.63991777017895
candu_ec6,commercial,175.4576584770925
ap1000,commercial,176.03119198268197
candu_ec6,commercial,187.34609260010814
ap1000,commercial,176.25940609929435
candu_ec6,commercial,174.26184514838394
ap1000,commercial,194.755834570313
candu_ec6,commercial,202.4934013301473
ap1000,commercial,195.3892943293979
candu_ec6,commercial,192.65743597862084
ap1000,commercial,197.5082728440195
candu_ec6,commercial,166.12660697710484
ap1000,commercial,175.31079550300012
candu_ec6,commercial,188.47205467068764
ap1000,commercial,179.33971851599483
candu_ec6,commercial,185.9803941862999
ap1000,commercial,192.81883908070714
candu_ec6,commercial,195.46969951290555
ap1000,commercial,187.42967524387865
candu_ec6,commercial,186.0887564101222
ap1000,commercial,194.0000050021892
candu_ec6,commercial,176.37703457567363
ap1000,commercial,176.85317541735594
candu_ec6,commercial,168.20714399757884
ap1000,commercial,178.5276094628296
candu_ec6,commercial,198.6468301845924
ap1000,commercial,197.52826601548986
candu_ec6,commercial,171.72270398789922
ap1000,commercial,165.11652335350107
candu_ec6,commercial,181.35131022250962
ap1000,commercial,189.56947125234822
candu_ec6,commercial,174.09035029731913
ap1000,commercial,191.25362893874183
candu_ec6,commercial,191.48044126452646
ap1000,commercial,195.78543612611352
candu_ec6,commercial,184.121026563427
ap1000,commercial,161.4179018735577
candu_ec6,commercial,187.403313234656
ap1000,commercial,197.69267905604423
candu_ec6,commercial,183.63713583901273
ap1000,commercial,183.89602986528823
candu_ec6,commercial,172.03660342878675
ap1000,commercial,181.57298894850118
candu_ec6,commercial,193.0887666241565
ap1000,commercial,209.32583821898868
candu_ec6,commercial,173.07104743263474
ap1000,commercial,176.127696956932
candu_ec6,commercial,187.9838804211726
ap1000,commercial,200.98555114949272
candu_ec6,commercial,186.4259110007007
ap1000,commercial,195.41998358399408
candu_ec6,commercial,184.38753785110828
ap1000,commercial,211.49661770064387
candu_ec6,commercial,191.81401205823315
ap1000,commercial,186.76308356176034
candu_ec6,commercial,192.0812891773524
ap1000,commercial,178.854246359177
candu_ec6,commercial,181.8650056257144
ap1000,commercial,191.75813231887352
candu_ec6,commercial,176.83650609153196
ap1000,commercial,180.46503551118914
candu_ec6,commercial,175.90402345760933
ap1000,commercial,161.93953239896558
candu_ec6,commercial,178.3882287180748
ap1000,commercial,185.98318144002144
candu_ec6,commercial,186.98426931620872
ap1000,commercial,204.75604744141552
candu_ec6,commercial,177.6088312174027
ap1000,commercial,194.2861279901326
candu_ec6,commercial,187.72243498873596
ap1000,commercial,190.51227711530953
candu_ec6,commercial,180.54741249205972
ap1000,commercial,190.16283310337784
candu_ec6,commercial,170.1503381928177
ap1000,commercial,161.61523767004047
candu_ec6,commercial,180.97615853836905
ap1000,commercial,200.49175258134875
candu_ec6,commercial,176.88371863491912
ap1000,commercial,211.98805745362043
candu_ec6,commercial,179.88366571849903
ap1000,commercial,166.65653969753754
candu_ec6,commercial,170.8640915554422
ap1000,commercial,194.6114583015421
candu_ec6,commercial,184.54112868581075
ap1000,commercial,200.81047332832568
candu_ec6,commercial,176.15875683689643
ap1000,commercial,185.91522249897776
candu_ec6,commercial,177.66040359902624
ap1000,commercial,193.4111781482073
candu_ec6,commercial,184.89870861575326
ap1000,commercial,157.81562674574295
candu_ec6,commercial,175.01280548635245
ap1000,commercial,169.43566510841475
candu_ec6,commercial,185.78126807230322
ap1000,commercial,167.65482109610628
candu_ec6,commercial,194.5967725539912
ap1000,commercial,200.00633766564079
candu_ec6,commercial,180.92120866034534
ap1000,commercial,207.3253174612669
candu_ec6,commercial,168.8297263687103
ap1000,commercial,167.36303315033823
candu_ec6,commercial,176.8422587347259
ap1000,commercial,194.8885571995389
candu_ec6,commercial,184.80188236683537
ap1000,commercial,199.56089006826176
candu_ec6,commercial,178.5582472792194
ap1000,commercial,186.48724226368378
candu_ec6,commercial,192.2857506332016
ap1000,commercial,189.06048208601038
candu_ec6,commercial,188.6769477010581
ap1000,commercial,160.59560567713183
candu_ec6,commercial,178.00586351648232
ap1000,commercial,200.52577501354526
candu_ec6,commercial,175.22664850432668
ap1000,commercial,175.48171456665168
candu_ec6,commercial,174.17997647054742
ap1000,commercial,196.43391722665802
candu_ec6,commercial,165.03193330630518
ap1000,commercial,177.06393931190857
candu_ec6,commercial,189.66051015451387
ap1000,commercial,190.9779433084341
candu_ec6,commercial,168.27930659767725
ap1000,commercial,206.51160809454393
candu_ec6,commercial,186.54043502719242
ap1000,commercial,172.8973502796149
candu_ec6,commercial,186.2716016603655
ap1000,commercial,186.5169425910587
candu_ec6,commercial,185.35800787223732
ap1000,commercial,218.87219095817116
candu_ec6,commercial,182.67690776144005
ap1000,commercial,194.81755675302577
candu_ec6,commercial,177.3125191931789
ap1000,commercial,175.74839539224104
candu_ec6,commercial,198.5988703418851
ap1000,commercial,187.68971300181354
candu_ec6,commercial,186.4169411046433
ap1000,commercial,185.79627058522053
candu_ec6,commercial,181.51216827760098
ap1000,commercial,164.7701144737444
candu_ec6,commercial,197.56966160398775
ap1000,commercial,182.928631110235
candu_ec6,commercial,183.17791434041183
ap1000,commercial,176.10901140191493
candu_ec6,commercial,172.5186303682743
ap1000,commercial,186.74499174587433
candu_ec6,commercial,192.39490838726164
ap1000,commercial,177.84361524119794
candu_ec6,commercial,186.1738043324496
ap1000,commercial,172.98064596288097
candu_ec6,commercial,179.6011259606127
ap1000,commercial,168.30206556380682
candu_ec6,commercial,170.41823134293406
ap1000,commercial,192.8999950182135
candu_ec6,commercial,172.44140509927746
ap1000,commercial,196.44159678971258
candu_ec6,commercial,185.22098666443222
ap1000,commercial,169.89821823679932
candu_ec6,commercial,174.95669072481945
ap1000,commercial,182.30368843360097
candu_ec6,commercial,176.2218921886536
ap1000,commercial,198.29463197780552
candu_ec6,commercial,186.2187535799979
