scenario,wacc_scenario,lcoe_usd_mwh
ap1000,0.04,89.66422945042262
ap1000,0.04,98.48962718206636
ap1000,0.04,88.4769608954605
ap1000,0.04,102.45232274396055
ap1000,0.04,81.43281562407192
ap1000,0.04,97.86971376323203
ap1000,0.04,95.12919259653144
ap1000,0.04,102.29165391731144
ap1000,0.04,85.6193730310087
ap1000,0.04,87.38158124903649
ap1000,0.04,89.68087223735557
ap1000,0.04,100.27794114890604
ap1000,0.04,89.9505471579661
ap1000,0.04,95.06159982150696
ap1000,0.04,88.4031239216402
ap1000,0.04,101.4178197212638
ap1000,0.04,102.96869775252162
ap1000,0.04,90.60865314007921
ap1000,0.04,97.29316562820257
ap1000,0.04,95.25105278875199
ap1000,0.04,97.7431149122947
ap1000,0.04,95.18020005387424
ap1000,0.04,82.12497790057411
ap1000,0.04,88.90514767807291
ap1000,0.04,93.73729667000097
ap1000,0.04,100.19988472048968
ap1000,0.04,86.6677519139038
ap1000,0.04,88.23342077597844
ap1000,0.04,88.5610707780055
ap1000,0.04,104.17631398470706
ap1000,0.04,97.81949005694435
ap1000,0.04,98.05282217491214
ap1000,0.04,94.26604897682873
ap1000,0.04,94.20494965029503
ap1000,0.04,94.95314735058075
ap1000,0.04,92.19463802084708
ap1000,0.04,105.79574030447021
ap1000,0.04,84.24986144300784
ap1000,0.04,87.9408746765328
ap1000,0.04,96.9039461026068
ap1000,0.04,102.20855583233256
ap1000,0.04,99.20869860616482
ap1000,0.04,93.76819318479794
ap1000,0.04,96.88573268219159
ap1000,0.04,92.68866867705934
ap1000,0.04,99.88149455246854
ap1000,0.04,98.698744545277
ap1000,0.04,100.0652360365734
ap1000,0.04,98.27336286890737
ap1000,0.04,85.35594666977347
ap1000,0.04,93.37493896603893
ap1000,0.04,95.50836870580231
ap1000,0.04,104.45343177172829
ap1000,0.04,98.04504903751582
ap1000,0.04,90.41579154498854
ap1000,0.04,93.54807909832917
ap1000,0.04,95.09599090116178
ap1000,0.04,84.22657456566691
ap1000,0.04,84.16347089796463
ap1000,0.04,92.83664740255571
ap1000,0.04,99.62765879919905
ap1000,0.04,92.79403843911098
ap1000,0.04,105.24884252677255
ap1000,0.04,92.15017337029859
ap1000,0.04,95.16399468129492
ap1000,0.04,84.3879683554299
ap1000,0.04,89.90366216714062
ap1000,0.04,79.12293568593891
ap1000,0.04,101.85729969978682
ap1000,0.04,91.51056096565043
ap1000,0.04,104.44403337735393
ap1000,0.04,97.78507888559223
ap1000,0.04,89.6742886817144
ap1000,0.04,98.78615151823736
ap1000,0.04,84.20576802691454
ap1000,0.04,93.48224798045686
ap1000,0.04,83.57069039064558
ap1000,0.04,96.72020886555545
ap1000,0.04,89.98674285694432
ap1000,0.04,95.95782220094509
ap1000,0.04,88.71305000190429
ap1000,0.04,105.85545116459966
ap1000,0.04,92.2563362198623
ap1000,0.04,83.21889205610069
ap1000,0.04,90.64178534666738
ap1000,0.04,99.25357587608296
ap1000,0.04,88.67887341202659
ap1000,0.04,90.36023379041578
ap1000,0.04,94.61372482798478
ap1000,0.04,102.80744095172325
ap1000,0.04,91.87610049673323
ap1000,0.04,83.56094661546143
ap1000,0.04,95.43238472063223
ap1000,0.04,96.94591540992211
ap1000,0.04,96.24471127821447
ap1000,0.04,103.83602537592702
ap1000,0.04,101.7007493223884
ap1000,0.04,100.52751407030193
ap1000,0.04,90.95736839217786
ap1000,0.04,97.21097341185622
ap1000,0.04,105.2085181306432
ap1000,0.04,103.21011080463761
ap1000,0.04,108.33597497228561
ap1000,0.04,105.79389116082767
ap1000,0.04,95.45081890024184
ap1000,0.04,95.86708478201363
ap1000,0.04,85.45598334406411
ap1000,0.04,100.21542119961228
ap1000,0.04,86.94504075233043
ap1000,0.04,106.67991830494763
ap1000,0.04,94.01084299502915
ap1000,0.04,101.57472275274706
ap1000,0.04,101.74722035886991
ap1000,0.04,85.79776452636243
ap1000,0.04,97.5494753239951
ap1000,0.04,82.97498502828905
ap1000,0.04,95.28958347833279
ap1000,0.04,102.34426445528379
ap1000,0.04,98.7617625110197
ap1000,0.04,97.08105156148008
ap1000,0.04,89.03944130110666
ap1000,0.04,93.81798630549345
ap1000,0.04,93.30949524640701
ap1000,0.04,98.60674573421618
ap1000,0.04,94.29860113022858
ap1000,0.04,85.24036984779808
ap1000,0.04,87.9568464383602
ap1000,0.04,87.41779835242558
ap1000,0.04,84.42549687661831
ap1000,0.04,86.16005475045966
ap1000,0.04,100.66569459277636
ap1000,0.04,100.87513530927649
ap1000,0.04,85.95336684455202
ap1000,0.04,85.29716820508303
ap1000,0.04,101.41437822536706
ap1000,0.04,99.15634698021525
ap1000,0.04,99.85073927489795
ap1000,0.04,93.95394764651586
ap1000,0.04,83.89872040320972
ap1000,0.04,93.76522769187697
ap1000,0.04,101.47955444528469
ap1000,0.04,88.04430323346051
ap1000,0.04,95.42058592199494
ap1000,0.04,92.51103893762944
ap1000,0.04,90.04420638805371
ap1000,0.04,91.44548923190257
ap1000,0.04,93.33216822363127
ap1000,0.04,93.60065511614715
ap1000,0.04,95.96101861322674
ap1000,0.04,91.83370362614332
ap1000,0.04,86.08693223074656
ap1000,0.04,91.45643639816227
ap1000,0.04,99.24911304148618
ap1000,0.04,99.0953474698821
ap1000,0.04,94.24893216400672
ap1000,0.04,90.04901967237478
ap1000,0.04,92.82692712275666
ap1000,0.04,96.38225690654008
ap1000,0.04,94.741987257299
ap1000,0.04,92.48714214380689
ap1000,0.04,97.19234939795122
ap1000,0.04,89.69677528861274
ap1000,0.04,106.07379215094612
ap1000,0.04,98.39707248135679
ap1000,0.04,101.60766800443895
ap1000,0.04,88.25417388847318
ap1000,0.04,80.68351724518526
ap1000,0.04,87.35539118077614
ap1000,0.04,93.0272596446236
ap1000,0.04,96.49505045140889
ap1000,0.04,107.39375793702841
ap1000,0.04,103.6862957937632
ap1000,0.04,92.92961852582957
ap1000,0.04,95.57056681823458
ap1000,0.04,92.7613592478203
ap1000,0.04,83.31502491967679
ap1000,0.04,90.90488650609952
ap1000,0.04,99.453717495835
ap1000,0.04,98.37560319611454
ap1000,0.04,95.50974481270072
ap1000,0.04,106.07531722806313
ap1000,0.04,80.27766872109162
ap1000,0.04,96.90953747263109
ap1000,0.04,80.29611540981476
ap1000,0.04,101.53845193846965
ap1000,0.04,99.15236329817289
ap1000,0.04,86.11696446936898
ap1000,0.04,96.36079666284422
ap1000,0.04,83.23434707159254
ap1000,0.04,87.53533143759716
ap1000,0.04,85.584963229562
ap1000,0.04,86.45019504469802
ap1000,0.04,92.70694803091091
ap1000,0.04,92.05969077680804
ap1000,0.04,90.60769875212596
ap1000,0.04,79.30040972448013
ap1000,0.04,93.19017564892208
ap1000,0.04,87.05740070698494
ap1000,0.04,83.44911564081532
ap1000,0.04,87.6817349187308
ap1000,0.04,94.92252869561027
ap1000,0.04,91.95688882276096
ap1000,0.04,98.85348966824667
ap1000,0.04,85.44896063471941
ap1000,0.04,98.93994174234693
ap1000,0.04,92.72349171058775
ap1000,0.04,95.03707149513991
ap1000,0.04,89.11773963126673
ap1000,0.04,81.71581483309859
ap1000,0.04,89.59654822586795
ap1000,0.04,87.42288579024671
ap1000,0.04,88.31411324213188
ap1000,0.04,89.4182867695543
ap1000,0.04,87.80742003413548
ap1000,0.04,85.64704150001114
ap1000,0.04,98.01511899047829
ap1000,0.04,90.53615036098272
ap1000,0.04,84.29763469022895
ap1000,0.04,87.58066518802653
ap1000,0.04,100.27805315574138
ap1000,0.04,95.75347526349302
ap1000,0.04,98.90879594323376
ap1000,0.04,91.08240452522726
ap1000,0.04,90.7038715032664
ap1000,0.04,80.26766713321022
ap1000,0.04,100.66915203389115
ap1000,0.04,93.21009139984925
ap1000,0.04,97.80620095054431
ap1000,0.04,84.04119027712852
ap1000,0.04,99.07095149871529
ap1000,0.04,93.39686148769167
ap1000,0.04,96.78667458438167
ap1000,0.04,104.87939115783182
ap1000,0.04,94.33269018538483
ap1000,0.04,92.32629618323605
ap1000,0.04,88.58907702306207
ap1000,0.04,94.55446948315543
ap1000,0.04,88.71070122665273
ap1000,0.04,88.91006801842772
ap1000,0.04,90.6302516395213
ap1000,0.04,90.33792883205294
ap1000,0.04,95.63220249255656
ap1000,0.04,91.21842866318637
ap1000,0.04,100.27821338602105
ap1000,0.04,93.10499054584645
ap1000,0.04,97.55651712494023
ap1000,0.04,98.5911665625853
ap1000,0.04,87.73855540917164
ap1000,0.04,101.0912604663419
ap1000,0.04,101.91012850959311
ap1000,0.04,86.54955199356192
ap1000,0.04,83.70776176630302
ap1000,0.04,94.03032756787312
ap1000,0.04,89.63748832321369
ap1000,0.04,91.57006099165513
ap1000,0.04,92.67669190838961
ap1000,0.04,87.77487829392975
ap1000,0.04,90.32584889094487
ap1000,0.04,91.26315925446356
ap1000,0.04,98.24348320818518
ap1000,0.04,96.27016961151296
ap1000,0.04,104.15228266846027
ap1000,0.04,98.74012822882973
ap1000,0.04,86.97814588812952
ap1000,0.04,92.02890347055178
ap1000,0.04,89.83147501253545
ap1000,0.04,90.46146884350617
ap1000,0.04,94.67567352839065
ap1000,0.04,94.9214024842804
ap1000,0.04,100.70463750956235
ap1000,0.04,91.23718682767331
ap1000,0.04,99.79062073045284
ap1000,0.04,96.62062323233135
ap1000,0.04,83.76224559198512
ap1000,0.04,86.36979385336437
ap1000,0.04,92.13080714977475
ap1000,0.04,104.60894885833234
ap1000,0.04,95.86935552270319
ap1000,0.04,97.24802273666641
ap1000,0.04,80.67103602345549
ap1000,0.04,96.86693772084814
ap1000,0.04,96.81415311419056
ap1000,0.04,95.5411837620329
ap1000,0.04,90.83457593084357
ap1000,0.04,85.66892256980984
ap1000,0.04,88.63340020216297
ap1000,0.04,100.76520624528808
ap1000,0.04,95.18249323723713
ap1000,0.04,93.7973705449114
ap1000,0.04,95.82381572129778
ap1000,0.04,93.10742972621395
ap1000,0.04,85.27230271879229
ap1000,0.04,94.51432446871986
ap1000,0.04,82.2059638186419
ap1000,0.04,96.8872780151685
ap1000,0.04,91.14609118664146
ap1000,0.04,101.32260027866245
ap1000,0.04,103.30982976133181
ap1000,0.04,101.32748400402122
ap1000,0.04,90.92415045605507
ap1000,0.04,92.06126729428706
ap1000,0.04,87.86644837117373
ap1000,0.04,81.11037254311042
ap1000,0.04,90.64252877237055
ap1000,0.04,105.89051350259925
ap1000,0.04,89.24796444418946
ap1000,0.04,83.66615034122275
ap1000,0.04,95.74087355033993
ap1000,0.04,92.93262048925098
ap1000,0.04,94.08554115733423
ap1000,0.04,89.14155290584532
ap1000,0.04,90.08738612478012
ap1000,0.04,100.43050137522944
ap1000,0.04,100.16619153962542
ap1000,0.04,95.37058616312179
ap1000,0.04,99.28305103078624
ap1000,0.04,98.62285238840927
ap1000,0.04,86.34676543449315
ap1000,0.04,96.51015251562139
ap1000,0.04,84.80793754553136
ap1000,0.04,97.47214212864601
ap1000,0.04,92.01747671024552
ap1000,0.04,87.70643882752174
ap1000,0.04,93.77165285709218
ap1000,0.04,90.09826064507571
ap1000,0.04,93.62723783458843
ap1000,0.04,104.13048127411575
ap1000,0.04,95.11495446316526
ap1000,0.04,99.25062833078506
ap1000,0.04,96.12132324661505
ap1000,0.04,79.09699674788588
ap1000,0.04,103.81976642736939
ap1000,0.04,85.08118433640809
ap1000,0.04,98.80584240299443
ap1000,0.04,80.8030748058569
ap1000,0.04,89.54710832566005
ap1000,0.04,96.47485767078747
ap1000,0.04,94.09870387970416
ap1000,0.04,96.21104301398309
ap1000,0.04,92.31432286840224
ap1000,0.04,96.94561023887574
ap1000,0.04,100.40928995915078
ap1000,0.04,96.21548545871853
ap1000,0.04,83.17132361856086
ap1000,0.04,92.8046421464695
ap1000,0.04,97.22929954024683
ap1000,0.04,94.76439272172804
ap1000,0.04,92.26261320225883
ap1000,0.04,95.90369822428062
ap1000,0.04,89.33038590783634
ap1000,0.04,97.24012911622088
ap1000,0.04,100.6302129279554
ap1000,0.04,96.5104204273232
ap1000,0.04,101.08980473256405
ap1000,0.04,93.29184561783022
ap1000,0.04,91.36518405567928
ap1000,0.04,85.19848470756803
ap1000,0.04,92.24077434598603
ap1000,0.04,105.2507178877323
ap1000,0.04,97.87341937052265
ap1000,0.04,95.72003332695579
ap1000,0.04,91.95963898652224
ap1000,0.04,96.34827854770859
ap1000,0.04,90.82187076482438
ap1000,0.04,90.74468380494059
ap1000,0.04,92.44587636265568
ap1000,0.04,88.34000089323888
ap1000,0.04,84.94962049790597
ap1000,0.04,94.52161254875834
ap1000,0.04,95.27580484058232
ap1000,0.04,98.21687047788481
ap1000,0.04,94.97207587345726
ap1000,0.04,94.15422031424924
ap1000,0.04,106.87718334304017
ap1000,0.04,96.77658179943596
ap1000,0.04,101.57883435590473
ap1000,0.04,106.15519108551496
ap1000,0.04,102.7812076308984
ap1000,0.04,99.62219233481369
ap1000,0.04,99.59485400819725
ap1000,0.04,101.21033326773203
ap1000,0.04,95.02391568508433
ap1000,0.04,98.65639779882767
ap1000,0.04,87.23536138482442
ap1000,0.04,100.12303326721725
ap1000,0.04,86.09675870451743
ap1000,0.04,103.50737540509067
ap1000,0.04,95.49415525135215
ap1000,0.04,88.70635213462121
ap1000,0.04,90.90495497664074
ap1000,0.04,93.02723945824499
ap1000,0.04,103.34747374161938
ap1000,0.04,95.28647824731178
ap1000,0.04,87.1192739694169
ap1000,0.04,90.95131252396949
ap1000,0.04,98.54404295571732
ap1000,0.04,95.67357873692436
ap1000,0.04,101.41773461273455
ap1000,0.04,89.94951190183897
ap1000,0.04,90.33166665683812
ap1000,0.04,101.96992095388738
ap1000,0.04,98.28935682903155
ap1000,0.04,85.1521884429849
ap1000,0.04,92.38582426129382
ap1000,0.04,103.99026571540367
ap1000,0.04,100.93089537752252
ap1000,0.04,98.49354604345505
ap1000,0.04,92.35616939430467
ap1000,0.04,92.93154499017545
ap1000,0.04,92.19717998043339
ap1000,0.04,90.55953103188115
ap1000,0.04,87.51006998547216
ap1000,0.04,92.59975507479321
ap1000,0.04,84.34607077614147
ap1000,0.04,101.01787064866646
ap1000,0.04,84.41600574472102
ap1000,0.04,87.69457228007832
ap1000,0.04,95.51606716650247
ap1000,0.04,97.12600024555924
ap1000,0.04,89.70510444014101
ap1000,0.04,86.74668801537818
ap1000,0.04,95.10665741768982
ap1000,0.04,92.6044604390238
ap1000,0.04,93.40462240788985
ap1000,0.04,105.81839624063127
ap1000,0.04,95.50865371799699
ap1000,0.04,99.62726860174384
ap1000,0.04,99.03143626340724
ap1000,0.04,89.41692737209534
ap1000,0.04,94.50194182145871
ap1000,0.04,96.64195280103426
ap1000,0.04,99.98157017812193
ap1000,0.04,97.57262144612214
ap1000,0.04,88.92405510675077
ap1000,0.04,81.73103808919898
ap1000,0.04,92.18746044106621
ap1000,0.04,101.25489054967514
ap1000,0.04,96.98242542357241
ap1000,0.04,85.87235449813514
ap1000,0.04,93.61822048781164
ap1000,0.04,105.2749696165671
ap1000,0.04,99.93007907991225
ap1000,0.04,97.33633768126613
ap1000,0.04,92.00751276739074
ap1000,0.04,89.49635811788936
ap1000,0.04,91.38764174562374
ap1000,0.04,86.28800099147503
ap1000,0.04,96.85305052020301
ap1000,0.04,94.82454115512617
ap1000,0.04,97.52583578924197
ap1000,0.04,88.16780605821792
ap1000,0.04,98.32239233948707
ap1000,0.04,92.25018016233922
ap1000,0.04,97.68634358269622
ap1000,0.04,100.25454889304756
ap1000,0.04,93.12612557681848
ap1000,0.04,86.51152978719792
ap1000,0.04,91.12916293161787
ap1000,0.04,87.49979078341435
ap1000,0.04,88.02888860516435
ap1000,0.04,99.89752402808453
ap1000,0.04,87.44160734667636
ap1000,0.04,88.00106710671042
ap1000,0.04,100.45502219701936
ap1000,0.04,106.92777623601458
ap1000,0.04,90.85838553885101
ap1000,0.04,97.23936959337833
ap1000,0.04,94.88960383754707
ap1000,0.04,84.44787657811234
ap1000,0.04,106.1283383022392
ap1000,0.04,96.60569908183479
ap1000,0.04,94.4462762489555
ap1000,0.04,83.22253738420112
ap1000,0.04,86.16196554183188
ap1000,0.04,97.36165956963424
ap1000,0.04,95.81499119738751
ap1000,0.04,92.53929408911976
ap1000,0.04,102.51157339799967
ap1000,0.04,91.90610265651446
ap1000,0.04,93.96290159214672
ap1000,0.04,99.94569675966451
ap1000,0.04,105.84992620724131
ap1000,0.04,90.64668456536658
ap1000,0.04,101.46365643245957
ap1000,0.04,94.30396314303668
ap1000,0.04,94.84924417168018
ap1000,0.04,101.06884110302673
ap1000,0.04,97.75144747250665
ap1000,0.04,91.91785557702494
ap1000,0.04,97.24400344884415
ap1000,0.04,95.8054208263472
ap1000,0.04,103.26424097850293
ap1000,0.04,93.24350018695209
ap1000,0.04,102.22476234806501
ap1000,0.04,83.08696252423074
ap1000,0.04,92.28546042539247
ap1000,0.04,87.08166838670253
ap1000,0.04,91.72389661750154
ap1000,0.04,98.18288856714378
ap1000,0.04,97.7713230023506
ap1000,0.04,97.6934154338265
ap1000,0.04,92.9211731843282
ap1000,0.04,95.18964761916735
ap1000,0.04,91.93763546779978
ap1000,0.04,89.41212050978143
ap1000,0.04,92.28370409607453
ap1000,0.04,85.96933817829732
ap1000,0.04,106.5882850915389
ap1000,0.04,90.35649464517911
ap1000,0.04,93.74915366345111
ap1000,0.04,104.31404175839234
ap1000,0.04,94.91867636108681
ap1000,0.04,92.66741277573094
ap1000,0.04,85.10236125991892
ap1000,0.04,91.21066883583185
ap1000,0.04,82.73472870175881
ap1000,0.04,92.42211932789618
ap1000,0.04,97.16771078192922
ap1000,0.04,100.72428741178197
ap1000,0.04,98.57115801480025
ap1000,0.04,89.08165983080468
ap1000,0.04,94.98144911791883
ap1000,0.04,104.64139417334276
ap1000,0.04,96.66263371095685
ap1000,0.04,86.42555775146158
ap1000,0.04,98.7858805157019
ap1000,0.04,102.12963734629948
ap1000,0.04,83.55029023596701
ap1000,0.04,96.55171469374895
ap1000,0.04,89.84876123793174
ap1000,0.04,86.23013857150461
ap1000,0.04,96.23795547600146
ap1000,0.04,80.70110339016878
ap1000,0.04,100.12699046293436
ap1000,0.04,100.96937217927328
ap1000,0.04,96.79518235288683
ap1000,0.04,88.49158596471541
ap1000,0.04,100.04823631479587
ap1000,0.04,90.40357919105816
ap1000,0.04,88.55806024177599
ap1000,0.04,85.71337238777159
ap1000,0.04,96.13660123013949
ap1000,0.04,87.88435500632905
ap1000,0.04,89.56915481910637
ap1000,0.04,93.890516397497
ap1000,0.04,93.24054676840518
ap1000,0.04,95.13842770495056
ap1000,0.04,102.08003689329335
ap1000,0.04,96.03232114374023
ap1000,0.04,84.9196727309536
ap1000,0.04,100.58545053225406
ap1000,0.04,90.90974544448345
ap1000,0.04,99.54018167508804
ap1000,0.04,92.30679840439906
ap1000,0.04,80.75240538332181
ap1000,0.04,102.03745338981437
ap1000,0.04,84.67844660930841
ap1000,0.04,93.1888913199069
ap1000,0.04,82.41596238086667
ap1000,0.04,93.97634709225758
ap1000,0.04,98.89663453727258
ap1000,0.04,104.38777363674457
ap1000,0.04,81.46030511536111
ap1000,0.04,105.67610792520875
ap1000,0.04,94.64253692397502
ap1000,0.04,83.51998708616169
ap1000,0.04,100.99010493816445
ap1000,0.04,95.16254464680958
ap1000,0.04,91.64128863914075
ap1000,0.04,91.13890543414655
ap1000,0.04,103.28625424804521
ap1000,0.04,89.01732887835696
ap1000,0.04,95.59985324431156
ap1000,0.04,92.56337061219497
ap1000,0.04,91.10428818050679
ap1000,0.04,82.33045756294554
ap1000,0.04,87.52001791848718
ap1000,0.04,97.78540335472225
ap1000,0.04,102.7655621048478
ap1000,0.04,89.9570228326839
ap1000,0.04,97.89369445272227
ap1000,0.04,94.58620602896502
ap1000,0.04,90.26309441443624
ap1000,0.04,98.84996134926024
ap1000,0.04,93.94579691480938
ap1000,0.04,92.12290296380634
ap1000,0.04,88.76311912032905
ap1000,0.04,88.25370509975794
ap1000,0.04,95.80515843659619
ap1000,0.04,88.0138624989524
ap1000,0.04,87.94577186110504
ap1000,0.04,94.55441299242224
ap1000,0.04,96.78061396714429
ap1000,0.04,84.0356096807694
ap1000,0.04,99.67767760989646
ap1000,0.04,91.82073530135433
ap1000,0.04,88.91875774154454
ap1000,0.04,86.85956269628765
ap1000,0.04,94.95786061903323
ap1000,0.04,85.50564876713707
ap1000,0.04,82.13735444184137
ap1000,0.04,102.37742863724122
ap1000,0.04,80.77269371071156
ap1000,0.04,94.24297428413733
ap1000,0.04,87.2783255638188
ap1000,0.04,94.11626858752041
ap1000,0.04,93.9490390693626
ap1000,0.04,102.57118989883777
ap1000,0.04,97.94197986824715
ap1000,0.04,82.62394860764097
ap1000,0.04,89.1536665869086
ap1000,0.04,93.99984469555294
ap1000,0.04,84.92704295389058
ap1000,0.04,88.4216132176768
ap1000,0.04,88.62488429672877
ap1000,0.04,85.93281134817813
ap1000,0.04,102.74618458928562
ap1000,0.04,94.43316931870164
ap1000,0.04,87.13862253202718
ap1000,0.04,97.49893112333345
ap1000,0.04,94.95692583613567
ap1000,0.04,99.06337374786916
ap1000,0.04,104.1801541683058
ap1000,0.04,89.18598526118562
ap1000,0.04,97.99056243150818
ap1000,0.04,87.72160134609001
ap1000,0.04,88.35980055013067
ap1000,0.04,89.85781294713735
ap1000,0.04,89.94871934557422
ap1000,0.04,102.96878186181584
ap1000,0.04,93.8378050965171
ap1000,0.04,91.45385472240399
ap1000,0.04,106.7350841258288
ap1000,0.04,96.98184051956478
ap1000,0.04,105.7653391451511
ap1000,0.04,95.30357420465081
ap1000,0.04,87.03598040902605
ap1000,0.04,88.70290519194
ap1000,0.04,89.42167642582811
ap1000,0.04,93.13418934742326
ap1000,0.04,89.6407178980021
ap1000,0.04,105.68537073699098
ap1000,0.04,79.8013312267274
ap1000,0.04,92.6608039268365
ap1000,0.04,92.38670753661896
ap1000,0.04,89.22958289331817
ap1000,0.04,88.72894615619583
ap1000,0.04,94.90265196673272
ap1000,0.04,95.31778629765589
ap1000,0.04,105.67872671031932
ap1000,0.04,94.03339166400242
ap1000,0.04,96.22216426378584
ap1000,0.04,83.21242453528087
ap1000,0.04,92.19296355223642
ap1000,0.04,83.2431603493116
ap1000,0.04,93.34942567782629
ap1000,0.04,99.801775936431
ap1000,0.04,87.18818355803492
ap1000,0.04,89.53794510492705
ap1000,0.04,99.44182771686415
ap1000,0.04,94.4688238133065
ap1000,0.04,93.98518560188093
ap1000,0.04,84.36803992215613
ap1000,0.04,97.27378784425589
ap1000,0.04,104.50395302829433
ap1000,0.04,101.08450722731165
ap1000,0.04,97.11378534587998
ap1000,0.04,85.03736481727736
ap1000,0.04,95.16390172070498
ap1000,0.04,94.74587347952502
ap1000,0.04,95.88884939396063
ap1000,0.04,84.86057837641792
ap1000,0.04,96.14239330616348
ap1000,0.04,91.58415502799414
ap1000,0.04,89.99281344522642
ap1000,0.04,79.1826166754884
ap1000,0.04,100.28663902422582
ap1000,0.04,92.66337290929803
ap1000,0.04,96.75031976322819
ap1000,0.04,84.81725815716241
ap1000,0.04,84.961992637444
ap1000,0.04,95.07799105026484
ap1000,0.04,90.55471480416705
ap1000,0.04,101.07408761671957
ap1000,0.04,97.22585416238817
ap1000,0.04,89.1371524752769
ap1000,0.04,91.64700977485592
ap1000,0.04,84.98981226826045
ap1000,0.04,100.7482088205653
ap1000,0.04,89.81542825278494
ap1000,0.04,96.5766221272669
ap1000,0.04,91.42352817069973
ap1000,0.04,93.97337577931039
ap1000,0.04,82.14283854897607
ap1000,0.04,97.0304844609725
ap1000,0.04,83.14086089474658
ap1000,0.04,86.8308434431442
ap1000,0.04,90.88227835103568
ap1000,0.04,98.37998369337673
ap1000,0.04,99.94939450841403
ap1000,0.04,89.58808306621114
ap1000,0.04,93.3284542157846
ap1000,0.04,96.69228484800824
ap1000,0.04,92.54988307560369
ap1000,0.04,102.48818210696325
ap1000,0.04,104.70402924551145
ap1000,0.04,88.91234887942149
ap1000,0.04,93.67955670276147
ap1000,0.04,95.65224992490057
ap1000,0.04,95.98716007717366
ap1000,0.04,86.3133702246889
ap1000,0.04,100.19874367215016
ap1000,0.04,98.97214010783829
ap1000,0.04,82.09009069756776
ap1000,0.04,103.52284232228845
ap1000,0.04,95.85885859492028
ap1000,0.04,99.30482458365475
ap1000,0.04,91.69052549646193
ap1000,0.04,92.1353423950488
ap1000,0.04,99.90450217517473
ap1000,0.04,100.77870731429705
ap1000,0.04,101.31057341221921
ap1000,0.04,88.19379123066639
ap1000,0.04,83.33305010237741
ap1000,0.04,97.07432040988745
ap1000,0.04,92.6380777553502
ap1000,0.04,88.69823466967435
ap1000,0.04,102.91263010859286
ap1000,0.04,99.66993257216076
ap1000,0.04,94.58919867271302
ap1000,0.04,94.9969534237644
ap1000,0.04,92.69875756133445
ap1000,0.04,85.1016664375839
ap1000,0.04,87.21351150421872
ap1000,0.04,92.63179918485388
ap1000,0.04,99.14845191429191
ap1000,0.04,88.71095528031847
ap1000,0.04,97.60149405033643
ap1000,0.04,103.54662988679127
ap1000,0.04,100.3541064623551
ap1000,0.04,96.42430940477985
ap1000,0.04,98.25215736714203
ap1000,0.04,86.15566316299271
ap1000,0.04,103.15833487843486
ap1000,0.04,89.36661432748977
ap1000,0.04,93.77520001970633
ap1000,0.04,98.26709590613018
ap1000,0.04,93.49147239902132
ap1000,0.04,102.72825860450747
ap1000,0.04,89.54349446675731
ap1000,0.04,90.81379585155712
ap1000,0.04,96.75403673009677
ap1000,0.04,98.9570270260819
ap1000,0.04,102.16403480065314
ap1000,0.04,104.09039825184533
ap1000,0.04,96.1019489891548
ap1000,0.04,91.81466644410686
ap1000,0.04,89.62679322250868
ap1000,0.04,90.251307539313
ap1000,0.04,100.12919202792287
ap1000,0.04,81.66210811320938
ap1000,0.04,101.37860351216268
ap1000,0.04,95.81711180535979
ap1000,0.04,87.73728288880895
ap1000,0.04,92.40554779127663
ap1000,0.04,102.66352977706214
ap1000,0.04,97.10723048380476
ap1000,0.04,88.02088800633162
ap1000,0.04,81.64405732232431
ap1000,0.04,91.8618376961123
ap1000,0.04,100.73020503364484
ap1000,0.04,85.60931465890219
ap1000,0.04,104.49888154742398
ap1000,0.04,93.42518922904297
ap1000,0.04,101.66927179062176
ap1000,0.04,94.72460379994452
ap1000,0.04,93.52742580974527
ap1000,0.04,81.38036553135643
ap1000,0.04,103.78997313027753
ap1000,0.04,91.67816721945975
ap1000,0.04,100.17829984755382
ap1000,0.04,88.96507047835688
ap1000,0.04,92.57403155756796
ap1000,0.04,88.59683295918502
ap1000,0.04,86.22619384205485
ap1000,0.04,102.44547763481233
ap1000,0.04,88.20211797385255
ap1000,0.04,94.82912326023832
ap1000,0.04,99.36809161532314
ap1000,0.04,96.99594959687964
ap1000,0.04,94.55260058544607
ap1000,0.04,92.88702124918703
ap1000,0.04,96.3503980315537
ap1000,0.04,94.93701487770336
ap1000,0.04,87.46214004383293
ap1000,0.04,94.73104374906589
ap1000,0.04,98.8953818973805
ap1000,0.04,89.32493082809505
ap1000,0.04,90.6776849455508
ap1000,0.04,97.45282325940033
ap1000,0.04,92.28281900404592
ap1000,0.04,88.35702902970688
ap1000,0.04,92.39673130162923
ap1000,0.04,88.9337575154123
ap1000,0.04,96.76910023189166
ap1000,0.04,98.83787498173156
ap1000,0.04,102.01641200379456
ap1000,0.04,96.06886400917521
ap1000,0.04,85.25544474222232
ap1000,0.04,93.29619629547892
ap1000,0.04,89.05351645986258
ap1000,0.04,89.65410822817113
ap1000,0.04,80.83595138181913
ap1000,0.04,87.07100591075452
ap1000,0.04,84.24002935008451
ap1000,0.04,97.32947041945417
ap1000,0.04,107.5069034125716
ap1000,0.04,93.67045706060692
ap1000,0.04,91.33695398953735
ap1000,0.04,93.66656234480666
ap1000,0.04,95.24011268265946
ap1000,0.04,94.81188124948521
ap1000,0.04,82.6436300784798
ap1000,0.04,88.86054777123093
ap1000,0.04,94.39947491477363
ap1000,0.04,100.5039778109983
ap1000,0.04,90.62188054413653
ap1000,0.04,87.96991899241449
ap1000,0.04,90.98564213346121
ap1000,0.04,93.19792398254395
ap1000,0.04,91.2077369620341
ap1000,0.04,83.60041298562983
ap1000,0.04,87.54563855872458
ap1000,0.04,91.92096496282551
ap1000,0.04,90.50664898487453
ap1000,0.04,103.16904758549131
ap1000,0.04,96.54483070826372
ap1000,0.04,82.98965989386654
ap1000,0.04,90.88696343186506
ap1000,0.04,86.97642253734274
ap1000,0.04,92.91399388875001
ap1000,0.04,91.09966624610506
ap1000,0.04,90.97946086830001
ap1000,0.04,88.52641282245887
ap1000,0.04,93.68216733349033
ap1000,0.04,108.6417136174312
ap1000,0.04,92.90880910061743
ap1000,0.04,89.05223801099595
ap1000,0.04,105.90519402724955
ap1000,0.04,89.60933532838527
ap1000,0.04,107.9855117406814
ap1000,0.04,98.7650064692547
ap1000,0.04,88.16444584994376
ap1000,0.04,85.73678682970575
ap1000,0.04,90.35780083570342
ap1000,0.04,89.83073355003663
ap1000,0.04,88.34163776922499
ap1000,0.04,94.15930368493376
ap1000,0.04,87.1990566123993
ap1000,0.04,93.16503202408028
ap1000,0.04,107.2927171167333
ap1000,0.04,94.3054451005086
ap1000,0.04,92.08193077173036
ap1000,0.04,89.42243273418661
ap1000,0.04,100.5263406574364
ap1000,0.04,86.52206246758374
ap1000,0.04,88.77455631117756
ap1000,0.04,100.42112200240442
ap1000,0.04,92.19607573276802
ap1000,0.04,100.37872442754062
ap1000,0.04,90.90862802707576
ap1000,0.04,93.60655484488323
ap1000,0.04,103.22967001530391
ap1000,0.04,82.57174412038948
ap1000,0.04,103.5674739223782
ap1000,0.04,81.35162720722894
ap1000,0.04,90.61800152829497
ap1000,0.04,90.9290416282779
ap1000,0.04,85.88061195063058
ap1000,0.04,84.78858314790702
ap1000,0.04,95.43522857048792
ap1000,0.04,98.42417245720007
ap1000,0.04,97.08556158185552
ap1000,0.04,92.82578513549582
ap1000,0.04,90.22684243793384
ap1000,0.04,93.01349578192732
ap1000,0.04,81.972914454878
ap1000,0.04,99.43743227590609
ap1000,0.04,99.8875415025183
ap1000,0.04,103.20036537430222
ap1000,0.04,94.94169261098375
ap1000,0.04,91.00563506881021
ap1000,0.04,85.52152257717341
ap1000,0.04,86.39362876571303
ap1000,0.04,103.5216473681251
ap1000,0.04,90.43517137060911
ap1000,0.04,93.2933636127383
ap1000,0.04,104.32310790069037
ap1000,0.04,93.21881154311991
ap1000,0.04,96.26114939836445
ap1000,0.04,84.02730831060606
ap1000,0.04,102.21130068577301
ap1000,0.04,104.030169902782
ap1000,0.04,93.29605860337595
ap1000,0.04,86.10035736242398
ap1000,0.04,95.48112569439031
ap1000,0.04,87.38009205751207
ap1000,0.04,88.27694649680907
ap1000,0.04,94.65984071727492
ap1000,0.04,87.48732611716545
ap1000,0.04,97.31592576161162
ap1000,0.04,106.92265628009083
ap1000,0.04,100.30803504581237
ap1000,0.04,102.47728289100026
ap1000,0.04,102.5181195963492
ap1000,0.04,91.57002483700435
ap1000,0.04,96.64132650585164
ap1000,0.04,94.31367284482815
ap1000,0.04,85.98984140195078
ap1000,0.04,96.66258115355237
ap1000,0.04,102.1305955015507
ap1000,0.04,90.85327677297197
ap1000,0.04,86.8913723399647
ap1000,0.04,84.27107776561532
ap1000,0.04,86.2280854696929
ap1000,0.04,89.64431944170904
ap1000,0.04,98.41674932594304
ap1000,0.04,89.04050662996883
ap1000,0.04,94.06104782898298
ap1000,0.04,93.80974437312175
ap1000,0.04,92.56478576292993
ap1000,0.04,80.98530652037756
ap1000,0.04,91.87359761581796
ap1000,0.04,97.52512620846946
ap1000,0.04,95.00426682106044
ap1000,0.04,91.57831413282166
ap1000,0.04,92.11967750271705
ap1000,0.04,87.64441698821254
ap1000,0.04,94.14171495831607
ap1000,0.04,84.3266408831547
ap1000,0.04,96.8412994288163
ap1000,0.04,99.49017427722113
ap1000,0.04,94.46145365225321
ap1000,0.04,103.06557888110855
ap1000,0.04,89.56969653779801
ap1000,0.04,84.6993881438424
ap1000,0.04,107.56864598998006
ap1000,0.04,94.45252321852169
ap1000,0.04,85.80801439520137
ap1000,0.04,90.92661940459475
ap1000,0.04,89.17215589847085
ap1000,0.04,92.85643791446283
ap1000,0.04,98.22928345098086
ap1000,0.04,88.69421788606425
ap1000,0.04,97.43845422730168
ap1000,0.04,101.78917467567136
ap1000,0.04,94.47754837337732
ap1000,0.04,84.1367002205742
ap1000,0.04,88.52844796603628
ap1000,0.04,103.75851748950059
ap1000,0.04,93.25394417835868
ap1000,0.04,94.48989696418529
ap1000,0.04,91.05879428478956
ap1000,0.04,95.56480496788106
ap1000,0.04,93.97955847943044
ap1000,0.04,96.05781248817561
ap1000,0.04,92.04897575379577
ap1000,0.04,82.42803313497646
ap1000,0.04,99.35041179615482
ap1000,0.04,102.8304582237333
ap1000,0.04,98.08232014240741
ap1000,0.04,94.58000468546737
ap1000,0.04,88.08889956068379
ap1000,0.04,100.86755052807965
ap1000,0.04,104.5069016862934
ap1000,0.04,100.42146028585753
ap1000,0.04,101.47738930006768
ap1000,0.04,93.76347571121056
ap1000,0.04,87.36282670799407
ap1000,0.04,97.8515483991679
ap1000,0.04,82.43092598658284
ap1000,0.04,84.58891369763032
ap1000,0.04,97.22782346124917
ap1000,0.04,98.49409522668311
ap1000,0.04,89.77919843076724
ap1000,0.04,98.88878885524227
ap1000,0.04,94.00359722911458
ap1000,0.04,94.28339248623165
ap1000,0.04,91.34756653696613
ap1000,0.04,103.13606093379218
ap1000,0.04,85.03399377473845
ap1000,0.04,81.64038608960152
ap1000,0.04,99.73999282234409
ap1000,0.04,95.47171529888546
ap1000,0.04,104.45804802470732
ap1000,0.04,90.6591740541922
ap1000,0.04,97.30252348712834
ap1000,0.04,90.19980689669814
ap1000,0.04,102.71606177391088
ap1000,0.04,102.49764839864528
ap1000,0.08,148.94035405816774
ap1000,0.08,164.63141101849484
ap1000,0.08,147.3011373600733
ap1000,0.08,171.7221459595997
ap1000,0.08,134.020498939116
ap1000,0.08,163.76806427950294
ap1000,0.08,158.8970431496356
ap1000,0.08,172.1936999653131
ap1000,0.08,141.74621159037767
ap1000,0.08,144.4870523700843
ap1000,0.08,149.5522828639969
ap1000,0.08,167.86996831454616
ap1000,0.08,149.84692471450268
ap1000,0.08,158.3876299522102
ap1000,0.08,145.6975612730787
ap1000,0.08,169.8347289916098
ap1000,0.08,173.4338813781338
ap1000,0.08,150.1775441009889
ap1000,0.08,162.40119816326452
ap1000,0.08,158.40442346453105
ap1000,0.08,164.20454426759662
ap1000,0.08,159.48251585741926
ap1000,0.08,133.89882203678476
ap1000,0.08,147.4880256687339
ap1000,0.08,155.59596161154872
ap1000,0.08,168.72398938960467
ap1000,0.08,142.8773236773251
ap1000,0.08,145.2623604515966
ap1000,0.08,147.27502167991122
ap1000,0.08,174.94825538632523
ap1000,0.08,163.18190502006604
ap1000,0.08,163.65202911523335
ap1000,0.08,156.90751284367332
ap1000,0.08,157.30203619247322
ap1000,0.08,157.60399429302282
ap1000,0.08,153.63385272239398
ap1000,0.08,177.97439456362565
ap1000,0.08,138.94622139694783
ap1000,0.08,144.82193601300656
ap1000,0.08,161.7945935101123
ap1000,0.08,171.31104506640685
ap1000,0.08,166.52939355207886
ap1000,0.08,155.7457020167384
ap1000,0.08,162.05733830721394
ap1000,0.08,154.35369919758818
ap1000,0.08,166.6223898653706
ap1000,0.08,165.26622716976365
ap1000,0.08,168.7189338259632
ap1000,0.08,164.5677523308213
ap1000,0.08,140.30202357237783
ap1000,0.08,155.28523118614513
ap1000,0.08,159.28676397557481
ap1000,0.08,176.26387130949624
ap1000,0.08,164.36458544003906
ap1000,0.08,150.50688881256949
ap1000,0.08,155.0197418832365
ap1000,0.08,159.04743622245974
ap1000,0.08,138.81676248358522
ap1000,0.08,138.6401223921358
ap1000,0.08,154.76044568006378
ap1000,0.08,167.35607856117167
ap1000,0.08,154.29172519297774
ap1000,0.08,176.55365645276677
ap1000,0.08,152.9006810042538
ap1000,0.08,159.20630028197664
ap1000,0.08,139.55655802673067
ap1000,0.08,149.51449522724621
ap1000,0.08,129.46609893613083
ap1000,0.08,170.77254452565037
ap1000,0.08,152.0279383271424
ap1000,0.08,175.30832817814203
ap1000,0.08,162.9702107962461
ap1000,0.08,149.52237843226658
ap1000,0.08,165.99557505023273
ap1000,0.08,139.12754520614368
ap1000,0.08,156.56349074269215
ap1000,0.08,137.37877434861133
ap1000,0.08,160.604265338971
ap1000,0.08,148.67870082454323
ap1000,0.08,160.43640205641623
ap1000,0.08,147.1872159603984
ap1000,0.08,178.90048741590428
ap1000,0.08,152.73052151804004
ap1000,0.08,136.94422567719312
ap1000,0.08,150.3013491678098
ap1000,0.08,165.80032888908886
ap1000,0.08,147.0488860706003
ap1000,0.08,149.72602217373716
ap1000,0.08,158.04827147038216
ap1000,0.08,172.32079849230678
ap1000,0.08,152.50195272691218
ap1000,0.08,136.9084362872067
ap1000,0.08,159.40618016844385
ap1000,0.08,161.93882656231514
ap1000,0.08,160.3274577013035
ap1000,0.08,174.71832886991666
ap1000,0.08,171.2048272442788
ap1000,0.08,168.30530236515685
ap1000,0.08,150.84807005926945
ap1000,0.08,162.49234499226176
ap1000,0.08,177.29039434156888
ap1000,0.08,173.20340269297003
ap1000,0.08,182.75798933131506
ap1000,0.08,178.3398151530586
ap1000,0.08,159.5529280635217
ap1000,0.08,159.76322548480024
ap1000,0.08,141.35567300910202
ap1000,0.08,168.69490212753738
ap1000,0.08,143.72144152565582
ap1000,0.08,179.8058182004435
ap1000,0.08,156.84695156089674
ap1000,0.08,170.78736697940704
ap1000,0.08,171.0402563509461
ap1000,0.08,141.21623322085597
ap1000,0.08,163.33026407722883
ap1000,0.08,136.9459067489232
ap1000,0.08,159.49794687617114
ap1000,0.08,172.51088958079893
ap1000,0.08,164.96249298730137
ap1000,0.08,162.56416644968252
ap1000,0.08,147.67847926291032
ap1000,0.08,156.30805023825553
ap1000,0.08,156.01525617968977
ap1000,0.08,165.57594055945927
ap1000,0.08,156.77702082664933
ap1000,0.08,141.06616530409167
ap1000,0.08,145.4087907627687
ap1000,0.08,144.67700996153715
ap1000,0.08,138.8843571757353
ap1000,0.08,141.86151311662448
ap1000,0.08,168.96098333115478
ap1000,0.08,169.948338175017
ap1000,0.08,142.73651555327058
ap1000,0.08,140.05121578934893
ap1000,0.08,170.01682658878642
ap1000,0.08,166.50924282513148
ap1000,0.08,167.15154740146954
ap1000,0.08,156.11797533173495
ap1000,0.08,138.29022791813202
ap1000,0.08,156.06943572911354
ap1000,0.08,171.18744641758147
ap1000,0.08,145.67158377980698
ap1000,0.08,158.60692379617475
ap1000,0.08,153.54407302953635
ap1000,0.08,149.75302455344894
ap1000,0.08,152.68529082326427
ap1000,0.08,155.67127745955128
ap1000,0.08,156.45367417845083
ap1000,0.08,160.1496033202668
ap1000,0.08,153.38130022571548
ap1000,0.08,142.3606109614176
ap1000,0.08,151.96586264739355
ap1000,0.08,165.29789049792458
ap1000,0.08,166.09893982535039
ap1000,0.08,156.35004529978207
ap1000,0.08,149.69042213963164
ap1000,0.08,154.45510726001066
ap1000,0.08,160.61848209789045
ap1000,0.08,157.11898351484527
ap1000,0.08,154.01931264068108
ap1000,0.08,163.19200434122635
ap1000,0.08,148.62594746768548
ap1000,0.08,178.05075102633137
ap1000,0.08,165.45708970798265
ap1000,0.08,170.00703673889416
ap1000,0.08,146.7591971025921
ap1000,0.08,132.6467599661877
ap1000,0.08,144.20267860508915
ap1000,0.08,154.70422449256998
ap1000,0.08,161.07553292110325
ap1000,0.08,180.6504472694046
ap1000,0.08,174.73935924755375
ap1000,0.08,154.51139837071673
ap1000,0.08,159.50634634466223
ap1000,0.08,155.3034924848542
ap1000,0.08,137.53472023570183
ap1000,0.08,150.3806400965761
ap1000,0.08,166.48809416257308
ap1000,0.08,164.62940895342885
ap1000,0.08,159.26795779521441
ap1000,0.08,178.02271825497735
ap1000,0.08,131.5833708758597
ap1000,0.08,162.63415253692165
ap1000,0.08,131.4236420830339
ap1000,0.08,170.35545773841002
ap1000,0.08,165.59059956766478
ap1000,0.08,141.96029945188747
ap1000,0.08,161.00295535500956
ap1000,0.08,136.79124017473154
ap1000,0.08,144.1355416219233
ap1000,0.08,142.21469611172748
ap1000,0.08,142.61478552901667
ap1000,0.08,154.06699083837634
ap1000,0.08,153.70785974784977
ap1000,0.08,150.82282693744767
ap1000,0.08,130.01349107827534
ap1000,0.08,154.50442349892597
ap1000,0.08,143.61428555036193
ap1000,0.08,137.09750240149495
ap1000,0.08,145.13665362706163
ap1000,0.08,157.85617684832286
ap1000,0.08,152.5140315209611
ap1000,0.08,164.87563264008864
ap1000,0.08,141.2103423138838
ap1000,0.08,166.0480654747884
ap1000,0.08,153.8119952342233
ap1000,0.08,158.39305153026612
ap1000,0.08,148.60281494608697
ap1000,0.08,134.04919546584338
ap1000,0.08,149.14871479594814
ap1000,0.08,144.5846754301583
ap1000,0.08,146.46642582626527
ap1000,0.08,148.27919943426366
ap1000,0.08,145.64671701802115
ap1000,0.08,141.609463879003
ap1000,0.08,164.74195945932289
ap1000,0.08,150.82615042491994
ap1000,0.08,138.93427217099534
ap1000,0.08,145.31593697423736
ap1000,0.08,167.41531799805122
ap1000,0.08,158.88166395325652
ap1000,0.08,165.1882133647672
ap1000,0.08,152.2072435878528
ap1000,0.08,151.28358751186772
ap1000,0.08,132.43480880410735
ap1000,0.08,168.8593560209347
ap1000,0.08,155.72592044698848
ap1000,0.08,164.03932537661595
ap1000,0.08,139.31672104096654
ap1000,0.08,165.40468731847778
ap1000,0.08,155.23004624586775
ap1000,0.08,161.64004577790948
ap1000,0.08,177.0240944695734
ap1000,0.08,157.21371231968888
ap1000,0.08,154.41567756107213
ap1000,0.08,147.3889300420826
ap1000,0.08,157.69791180468545
ap1000,0.08,146.37257482605239
ap1000,0.08,148.08921666377765
ap1000,0.08,149.59575045532654
ap1000,0.08,149.96514215184635
ap1000,0.08,159.60847661669177
ap1000,0.08,151.06248973955192
ap1000,0.08,168.3976021311898
ap1000,0.08,155.66488458738684
ap1000,0.08,163.6634310660553
ap1000,0.08,165.06848008431456
ap1000,0.08,145.56767573037072
ap1000,0.08,169.36123977031554
ap1000,0.08,170.49083621105623
ap1000,0.08,142.18890037856286
ap1000,0.08,138.4165921271793
ap1000,0.08,156.94428153709788
ap1000,0.08,148.74273158573519
ap1000,0.08,152.39202244853217
ap1000,0.08,155.1119647272951
ap1000,0.08,144.32730065637588
ap1000,0.08,149.61805317914988
ap1000,0.08,151.95696546947855
ap1000,0.08,164.06525116053092
ap1000,0.08,159.8861754930763
ap1000,0.08,175.06692027176567
ap1000,0.08,165.81362193088134
ap1000,0.08,144.6672163698699
ap1000,0.08,153.04466413481018
ap1000,0.08,148.82076290429626
ap1000,0.08,150.72299501265474
ap1000,0.08,158.18166238626176
ap1000,0.08,158.569098434776
ap1000,0.08,169.42758519025318
ap1000,0.08,151.97475837784378
ap1000,0.08,166.80350999075952
ap1000,0.08,161.77117395473036
ap1000,0.08,137.8082624903126
ap1000,0.08,142.37192003635872
ap1000,0.08,153.3166543325263
ap1000,0.08,175.82004659069173
ap1000,0.08,159.6003680892302
ap1000,0.08,163.01266081276293
ap1000,0.08,132.149149936669
ap1000,0.08,162.4817911655419
ap1000,0.08,161.6457175978524
ap1000,0.08,158.64840469921714
ap1000,0.08,150.76119089578026
ap1000,0.08,141.32240007520105
ap1000,0.08,146.15228187000372
ap1000,0.08,169.6022235647479
ap1000,0.08,158.63435670900392
ap1000,0.08,155.943084824729
ap1000,0.08,159.82748710787726
ap1000,0.08,155.45757902122375
ap1000,0.08,140.98607250024028
ap1000,0.08,157.56422932797383
ap1000,0.08,134.712056370559
ap1000,0.08,162.59847729231495
ap1000,0.08,151.19955803162514
ap1000,0.08,170.34557921624713
ap1000,0.08,173.62719593433113
ap1000,0.08,169.69788248429595
ap1000,0.08,151.226193809793
ap1000,0.08,152.9016991124957
ap1000,0.08,145.4069640636817
ap1000,0.08,132.9553782190822
ap1000,0.08,150.55416742779488
ap1000,0.08,178.33128619087162
ap1000,0.08,147.368716306508
ap1000,0.08,138.3187545931034
ap1000,0.08,160.29686286732124
ap1000,0.08,154.82113798542537
ap1000,0.08,156.79979456541648
ap1000,0.08,147.69364732479016
ap1000,0.08,149.32368335862438
ap1000,0.08,168.64759145857604
ap1000,0.08,168.06333559448828
ap1000,0.08,158.761953605895
ap1000,0.08,165.79932350858107
ap1000,0.08,165.0294362741106
ap1000,0.08,142.58390816817854
ap1000,0.08,162.1408744327069
ap1000,0.08,140.05073094781844
ap1000,0.08,162.87291252114755
ap1000,0.08,153.58659449269646
ap1000,0.08,145.92770384619854
ap1000,0.08,155.62943546664553
ap1000,0.08,149.4169731824651
ap1000,0.08,155.61634708862832
ap1000,0.08,174.21260148131412
ap1000,0.08,158.83270111676038
ap1000,0.08,166.79488105527977
ap1000,0.08,160.79156636037777
ap1000,0.08,129.73487660413699
ap1000,0.08,175.40627419469504
ap1000,0.08,140.0882519635688
ap1000,0.08,165.48842560248863
ap1000,0.08,132.15599868998945
ap1000,0.08,148.7974692736417
ap1000,0.08,160.604286787113
ap1000,0.08,156.90027003790843
ap1000,0.08,160.83871053713915
ap1000,0.08,153.72440616457013
ap1000,0.08,162.2805149129173
ap1000,0.08,168.46842024884828
ap1000,0.08,160.66015842611444
ap1000,0.08,137.01040690041032
ap1000,0.08,154.58007487520717
ap1000,0.08,162.19530949132474
ap1000,0.08,158.45358423509558
ap1000,0.08,153.43795870443404
ap1000,0.08,159.5325859541891
ap1000,0.08,148.22179979155777
ap1000,0.08,162.70031351842766
ap1000,0.08,168.46097042256253
ap1000,0.08,160.8265826083875
ap1000,0.08,169.97699385722632
ap1000,0.08,155.9905973306944
ap1000,0.08,151.90203089540444
ap1000,0.08,140.49436648414124
ap1000,0.08,153.63103659117192
ap1000,0.08,176.58568734689132
ap1000,0.08,163.74169415386461
ap1000,0.08,159.18636948412848
ap1000,0.08,152.3303771766737
ap1000,0.08,160.6206140307922
ap1000,0.08,151.45652423125793
ap1000,0.08,150.2712757128291
ap1000,0.08,153.23025021086016
ap1000,0.08,146.22097302767676
ap1000,0.08,139.48221351004003
ap1000,0.08,157.19479521992042
ap1000,0.08,158.94333704826124
ap1000,0.08,163.87302176784874
ap1000,0.08,158.3077246745208
ap1000,0.08,156.7746700359699
ap1000,0.08,180.49384229313677
ap1000,0.08,161.5465183228378
ap1000,0.08,170.21035574920802
ap1000,0.08,178.9251679318216
ap1000,0.08,172.72553003058428
ap1000,0.08,166.41354869784
ap1000,0.08,167.2730395702876
ap1000,0.08,169.19726268489418
ap1000,0.08,158.60929083976922
ap1000,0.08,165.30648818102134
ap1000,0.08,143.90411551367416
ap1000,0.08,168.4671040072169
ap1000,0.08,142.15165265224255
ap1000,0.08,174.02679810395406
ap1000,0.08,159.06314517371212
ap1000,0.08,147.20001382520863
ap1000,0.08,151.0826827841722
ap1000,0.08,154.44841785167728
ap1000,0.08,174.0389739693853
ap1000,0.08,159.2177504554881
ap1000,0.08,144.0445404234911
ap1000,0.08,151.19343401563208
ap1000,0.08,165.04085839818345
ap1000,0.08,160.0504884502251
ap1000,0.08,169.98479002901985
ap1000,0.08,148.7555090439952
ap1000,0.08,150.09778297346242
ap1000,0.08,171.51122152674745
ap1000,0.08,164.44101793068808
ap1000,0.08,140.74164015473679
ap1000,0.08,153.75689939865416
ap1000,0.08,175.38073197454054
ap1000,0.08,168.7960108694537
ap1000,0.08,164.8849003610383
ap1000,0.08,153.6315689036596
ap1000,0.08,154.6784351744582
ap1000,0.08,153.2688342165714
ap1000,0.08,150.50164301853096
ap1000,0.08,144.62518013857243
ap1000,0.08,153.56214893197526
ap1000,0.08,138.44316666794526
ap1000,0.08,170.25317124995829
ap1000,0.08,138.43762496759635
ap1000,0.08,145.858182023461
ap1000,0.08,159.58093918543568
ap1000,0.08,162.70771536305608
ap1000,0.08,148.77849546824626
ap1000,0.08,143.21740407529376
ap1000,0.08,158.60452146045418
ap1000,0.08,154.741857809233
ap1000,0.08,155.83578593464517
ap1000,0.08,178.19539235992633
ap1000,0.08,159.61864307345414
ap1000,0.08,167.0463377172465
ap1000,0.08,165.5721510601565
ap1000,0.08,149.0093747635807
ap1000,0.08,158.40621342638522
ap1000,0.08,161.14662458912514
ap1000,0.08,167.38388708992392
ap1000,0.08,163.9961246067475
ap1000,0.08,147.56889792895478
ap1000,0.08,134.36014828556011
ap1000,0.08,153.273695636322
ap1000,0.08,169.98508976812178
ap1000,0.08,161.99116920579627
ap1000,0.08,141.95706474148238
ap1000,0.08,155.78767316740826
ap1000,0.08,177.93598211626298
ap1000,0.08,167.39480326468308
ap1000,0.08,162.1462119174803
ap1000,0.08,152.61009767955008
ap1000,0.08,148.41748229657773
ap1000,0.08,152.19252844444654
ap1000,0.08,143.31358747837683
ap1000,0.08,161.7843603521753
ap1000,0.08,157.99687025834118
ap1000,0.08,162.21291476199335
ap1000,0.08,145.57206709130676
ap1000,0.08,164.48469976564363
ap1000,0.08,153.51634847498212
ap1000,0.08,162.80473039835383
ap1000,0.08,167.86794206363473
ap1000,0.08,156.00998309878008
ap1000,0.08,142.54687270985676
ap1000,0.08,151.5109307491551
ap1000,0.08,145.40535628326595
ap1000,0.08,144.9939430864825
ap1000,0.08,166.86740090344705
ap1000,0.08,145.15829045853584
ap1000,0.08,145.42842052663033
ap1000,0.08,168.6227203617679
ap1000,0.08,180.0915588266825
ap1000,0.08,151.18878602352322
ap1000,0.08,163.16763402842764
ap1000,0.08,157.57058467475477
ap1000,0.08,139.24763049671813
ap1000,0.08,179.4747430657948
ap1000,0.08,161.20102833481755
ap1000,0.08,157.72324801633425
ap1000,0.08,136.47689742640696
ap1000,0.08,142.82372538008556
ap1000,0.08,162.79571978033522
ap1000,0.08,160.02256847980723
ap1000,0.08,153.25473769447143
ap1000,0.08,172.16204110720577
ap1000,0.08,152.85287602883784
ap1000,0.08,156.986166399977
ap1000,0.08,166.79932523013767
ap1000,0.08,178.12768174732608
ap1000,0.08,150.44800459486848
ap1000,0.08,170.81396777986126
ap1000,0.08,157.0936874845781
ap1000,0.08,158.38117098050265
ap1000,0.08,170.00844937307943
ap1000,0.08,163.94688618153418
ap1000,0.08,152.58670752269788
ap1000,0.08,162.49994646958174
ap1000,0.08,160.35059012486482
ap1000,0.08,173.63214363120858
ap1000,0.08,154.5903902513781
ap1000,0.08,171.80201945933908
ap1000,0.08,136.96889700180427
ap1000,0.08,153.1565763766716
ap1000,0.08,143.98180072863005
ap1000,0.08,152.2175106558023
ap1000,0.08,164.84807349305555
ap1000,0.08,163.18715981267138
ap1000,0.08,163.19378038865528
ap1000,0.08,153.81477866414673
ap1000,0.08,159.36786440314145
ap1000,0.08,153.39531815707664
ap1000,0.08,148.43532170695846
ap1000,0.08,154.2328890525228
ap1000,0.08,141.84316339980413
ap1000,0.08,179.464567826447
ap1000,0.08,149.7442481757363
ap1000,0.08,155.99348201793964
ap1000,0.08,175.79846244803238
ap1000,0.08,159.15701276257383
ap1000,0.08,154.4736020920097
ap1000,0.08,141.07378567273517
ap1000,0.08,151.6633510121777
ap1000,0.08,135.76074008246968
ap1000,0.08,153.8170932652255
ap1000,0.08,162.68482593512198
ap1000,0.08,169.1545227112392
ap1000,0.08,165.69063603873033
ap1000,0.08,147.14772705154837
ap1000,0.08,159.36869534937196
ap1000,0.08,176.0899402452983
ap1000,0.08,161.87728176073458
ap1000,0.08,142.84420052939677
ap1000,0.08,164.84117633806616
ap1000,0.08,171.8569542278741
ap1000,0.08,137.31695202461324
ap1000,0.08,162.29565667530315
ap1000,0.08,148.70044716192015
ap1000,0.08,142.3993188395947
ap1000,0.08,160.94649384996907
ap1000,0.08,132.30621199908305
ap1000,0.08,167.5090182846166
ap1000,0.08,168.59905202828284
ap1000,0.08,161.8536749394622
ap1000,0.08,147.19072730673892
ap1000,0.08,168.0057781187881
ap1000,0.08,149.76506452912298
ap1000,0.08,146.20441262963791
ap1000,0.08,141.21855098161757
ap1000,0.08,159.9382715093289
ap1000,0.08,146.01450685658787
ap1000,0.08,148.31749410632528
ap1000,0.08,156.91962750801835
ap1000,0.08,154.80449970312972
ap1000,0.08,158.79719819488886
ap1000,0.08,171.76774750409774
ap1000,0.08,160.817940912125
ap1000,0.08,140.00369845127875
ap1000,0.08,168.339489114205
ap1000,0.08,151.21929465053327
ap1000,0.08,166.79083051980834
ap1000,0.08,153.44198013078213
ap1000,0.08,132.89050453081398
ap1000,0.08,171.50644670701877
ap1000,0.08,138.98881161847757
ap1000,0.08,155.3916840485982
ap1000,0.08,135.50384488506776
ap1000,0.08,155.62334449672252
ap1000,0.08,165.80886492996794
ap1000,0.08,175.5289593527942
ap1000,0.08,134.14037611921023
ap1000,0.08,177.53241964041513
ap1000,0.08,157.0124712181171
ap1000,0.08,136.80973115746872
ap1000,0.08,169.02460961181296
ap1000,0.08,158.22377639000717
ap1000,0.08,152.43805211021598
ap1000,0.08,151.7992807491145
ap1000,0.08,172.88697147000548
ap1000,0.08,147.31200891925317
ap1000,0.08,159.42401461108662
ap1000,0.08,154.25474605996877
ap1000,0.08,151.1402518491661
ap1000,0.08,135.91108753246272
ap1000,0.08,144.3310310867413
ap1000,0.08,162.60354388903843
ap1000,0.08,172.99190054645157
ap1000,0.08,148.90844977551785
ap1000,0.08,163.9713362739882
ap1000,0.08,157.16650897217292
ap1000,0.08,150.4060146381838
ap1000,0.08,164.8296100055218
ap1000,0.08,156.84955160936374
ap1000,0.08,153.60438734135192
ap1000,0.08,146.2418827254807
ap1000,0.08,146.59146790441082
ap1000,0.08,160.09778220015374
ap1000,0.08,146.04309870427733
ap1000,0.08,145.0305130559762
ap1000,0.08,157.41965994404697
ap1000,0.08,160.83057450112673
ap1000,0.08,137.97247180933985
ap1000,0.08,167.034265532013
ap1000,0.08,152.6690520258036
ap1000,0.08,146.9234105224441
ap1000,0.08,144.42008312874927
ap1000,0.08,157.95882997342133
ap1000,0.08,140.82744698417383
ap1000,0.08,135.49571622070425
ap1000,0.08,171.13914684243582
ap1000,0.08,132.41281800885392
ap1000,0.08,157.41860135343885
ap1000,0.08,143.86623003449387
ap1000,0.08,157.58878793037084
ap1000,0.08,156.9190385038066
ap1000,0.08,171.95523074049242
ap1000,0.08,163.7862474605484
ap1000,0.08,135.38763828872777
ap1000,0.08,147.08900864096998
ap1000,0.08,155.7809166902482
ap1000,0.08,140.12922952525147
ap1000,0.08,145.73644853399247
ap1000,0.08,146.21154991692947
ap1000,0.08,142.18329952202964
ap1000,0.08,171.73150912252905
ap1000,0.08,157.95299502086812
ap1000,0.08,144.50595894633088
ap1000,0.08,163.72550046390435
ap1000,0.08,157.73455977084333
ap1000,0.08,165.90192078417385
ap1000,0.08,175.3393138321732
ap1000,0.08,147.4371027552331
ap1000,0.08,163.9498260698495
ap1000,0.08,145.79621196610856
ap1000,0.08,146.67962666233473
ap1000,0.08,149.20202434924178
ap1000,0.08,148.72810790577162
ap1000,0.08,172.28032031623843
ap1000,0.08,156.02021221179717
ap1000,0.08,152.21803068446772
ap1000,0.08,179.64209634771365
ap1000,0.08,161.89984493228195
ap1000,0.08,178.06579149534733
ap1000,0.08,159.16329276359457
ap1000,0.08,144.37103651087662
ap1000,0.08,147.75605010366365
ap1000,0.08,149.2492383897908
ap1000,0.08,154.7387177345101
ap1000,0.08,149.05350420682288
ap1000,0.08,177.19268224921382
ap1000,0.08,130.87400236715658
ap1000,0.08,153.94803579867533
ap1000,0.08,154.4110793063922
ap1000,0.08,147.61741047070575
ap1000,0.08,146.34311649408
ap1000,0.08,158.10927790857963
ap1000,0.08,158.6373822803552
ap1000,0.08,177.46786761835463
ap1000,0.08,156.58540988785364
ap1000,0.08,161.42714019418054
ap1000,0.08,137.5783960542708
ap1000,0.08,153.30205661726495
ap1000,0.08,136.90044966670405
ap1000,0.08,155.39815402312016
ap1000,0.08,166.69179214872898
ap1000,0.08,144.14428837370568
ap1000,0.08,148.5426218984557
ap1000,0.08,166.66961809897518
ap1000,0.08,157.21703491825815
ap1000,0.08,156.20198944233601
ap1000,0.08,139.33181371730433
ap1000,0.08,161.64128959239514
ap1000,0.08,176.18032380812056
ap1000,0.08,169.3953265108087
ap1000,0.08,162.09034460723112
ap1000,0.08,139.85771711226118
ap1000,0.08,158.76954705191326
ap1000,0.08,157.71931696876007
ap1000,0.08,160.0429495463238
ap1000,0.08,139.70669098340315
ap1000,0.08,160.66004994690417
ap1000,0.08,151.83011886831693
ap1000,0.08,148.26053111089772
ap1000,0.08,130.0395823087643
ap1000,0.08,168.00209926249605
ap1000,0.08,154.3925982537832
ap1000,0.08,161.7872412324524
ap1000,0.08,139.8590899854321
ap1000,0.08,140.7030511619823
ap1000,0.08,158.33953716982472
ap1000,0.08,150.52075285072576
ap1000,0.08,170.47836333560522
ap1000,0.08,161.95490649268763
ap1000,0.08,147.18601493845685
ap1000,0.08,151.7823951563534
ap1000,0.08,140.59316014109842
ap1000,0.08,168.7717582698124
ap1000,0.08,149.91349878668092
ap1000,0.08,161.51695394705317
ap1000,0.08,152.11091217570694
ap1000,0.08,156.2941749866916
ap1000,0.08,135.10482736598863
ap1000,0.08,162.38333266840777
ap1000,0.08,136.65321708840654
ap1000,0.08,143.16220626445326
ap1000,0.08,151.60793860011358
ap1000,0.08,163.92191493888953
ap1000,0.08,167.48748695831526
ap1000,0.08,149.0284279687431
ap1000,0.08,154.6561399636443
ap1000,0.08,162.142091593291
ap1000,0.08,154.55179433671697
ap1000,0.08,172.24242705728912
ap1000,0.08,176.44074291177722
ap1000,0.08,147.51755855014005
ap1000,0.08,156.26503177592232
ap1000,0.08,159.52062353654077
ap1000,0.08,159.4039967455256
ap1000,0.08,143.16965116423995
ap1000,0.08,168.33091675711105
ap1000,0.08,165.77401483480307
ap1000,0.08,134.55212087701173
ap1000,0.08,174.19948766147448
ap1000,0.08,159.88195928283582
ap1000,0.08,165.9100388829005
ap1000,0.08,152.68319174911707
ap1000,0.08,153.93617720057853
ap1000,0.08,166.6127319824863
ap1000,0.08,169.017594296922
ap1000,0.08,169.3864558946603
ap1000,0.08,145.38327005816615
ap1000,0.08,137.52112930594728
ap1000,0.08,161.4879417004625
ap1000,0.08,154.55217845915232
ap1000,0.08,147.5751140982097
ap1000,0.08,173.0159211505777
ap1000,0.08,166.84499101256253
ap1000,0.08,157.99317655716501
ap1000,0.08,157.9339369817306
ap1000,0.08,154.45868616731974
ap1000,0.08,140.64485661974317
ap1000,0.08,143.95619208815333
ap1000,0.08,153.93099556376373
ap1000,0.08,165.78254196207538
ap1000,0.08,147.06392318595675
ap1000,0.08,162.22716809393867
ap1000,0.08,174.8244428849105
ap1000,0.08,167.6216246363745
ap1000,0.08,160.55900153927766
ap1000,0.08,163.7892445837441
ap1000,0.08,142.59677554146953
ap1000,0.08,173.77988440094424
ap1000,0.08,148.67392895851816
ap1000,0.08,156.22291074103094
ap1000,0.08,163.9070544278358
ap1000,0.08,155.74307175563555
ap1000,0.08,173.0703662045119
ap1000,0.08,148.14010361010492
ap1000,0.08,149.8910896871323
ap1000,0.08,162.13937781178709
ap1000,0.08,164.90216824364856
ap1000,0.08,172.418917270794
ap1000,0.08,176.10013504647816
ap1000,0.08,160.85700721897467
ap1000,0.08,152.84542864872802
ap1000,0.08,148.79567703407446
ap1000,0.08,150.6107891228304
ap1000,0.08,167.94475954276822
ap1000,0.08,134.54436911620212
ap1000,0.08,169.26487404392228
ap1000,0.08,160.4140370147449
ap1000,0.08,145.5150967527257
ap1000,0.08,153.6183180278069
ap1000,0.08,172.700127753502
ap1000,0.08,162.2415520272422
ap1000,0.08,145.40048778971155
ap1000,0.08,134.36143600368507
ap1000,0.08,152.4507266454609
ap1000,0.08,168.3037100272408
ap1000,0.08,140.76807699135918
ap1000,0.08,175.30813156185772
ap1000,0.08,155.4927633227098
ap1000,0.08,170.79152938102897
ap1000,0.08,157.19083663441032
ap1000,0.08,156.34151215016956
ap1000,0.08,134.51257580322186
ap1000,0.08,173.62328736858638
ap1000,0.08,152.658035256183
ap1000,0.08,167.68286057829516
ap1000,0.08,148.09452547762743
ap1000,0.08,153.79360308074004
ap1000,0.08,147.62423633995076
ap1000,0.08,142.59801741636045
ap1000,0.08,171.6360044612574
ap1000,0.08,146.72062534680856
ap1000,0.08,158.06503477629613
ap1000,0.08,166.19260685157892
ap1000,0.08,161.88437403260832
ap1000,0.08,157.5452271078408
ap1000,0.08,155.15236494360894
ap1000,0.08,161.64664096151932
ap1000,0.08,158.78379635084278
ap1000,0.08,143.9497226965089
ap1000,0.08,158.01882887783438
ap1000,0.08,165.49071216425995
ap1000,0.08,148.53962809449118
ap1000,0.08,150.69031409839445
ap1000,0.08,162.47270469573377
ap1000,0.08,153.53619219598315
ap1000,0.08,146.34226397723634
ap1000,0.08,153.35261713539347
ap1000,0.08,148.14476592304158
ap1000,0.08,160.78318100278244
ap1000,0.08,165.18866596045737
ap1000,0.08,171.0764021403196
ap1000,0.08,160.32360780882507
ap1000,0.08,140.60884589433337
ap1000,0.08,155.42585470272735
ap1000,0.08,147.48464592183723
ap1000,0.08,148.3990613078285
ap1000,0.08,132.74947605066177
ap1000,0.08,144.31239597193976
ap1000,0.08,138.48423644579142
ap1000,0.08,163.22312337845648
ap1000,0.08,180.9408670283965
ap1000,0.08,155.55407062818506
ap1000,0.08,151.89620721141512
ap1000,0.08,155.70428276221313
ap1000,0.08,158.9388504875732
ap1000,0.08,158.17595342109092
ap1000,0.08,136.07282886533181
ap1000,0.08,147.16115751306793
ap1000,0.08,157.61588591329232
ap1000,0.08,168.16644427618832
ap1000,0.08,150.74494561703537
ap1000,0.08,146.39127400964645
ap1000,0.08,150.68535065118496
ap1000,0.08,155.59411882174112
ap1000,0.08,151.2313225542494
ap1000,0.08,137.88075674749646
ap1000,0.08,145.31107787153925
ap1000,0.08,153.42662371641612
ap1000,0.08,150.48405195081634
ap1000,0.08,174.18340000806802
ap1000,0.08,161.40527623860487
ap1000,0.08,137.54971432120144
ap1000,0.08,150.63348684170663
ap1000,0.08,143.67936460596712
ap1000,0.08,154.88527697072803
ap1000,0.08,151.26619108165008
ap1000,0.08,151.17838006588596
ap1000,0.08,146.48570851622927
ap1000,0.08,156.31726150367274
ap1000,0.08,182.64224737362542
ap1000,0.08,154.73316423734894
ap1000,0.08,147.2563039397233
ap1000,0.08,178.6066064644214
ap1000,0.08,149.10929260866655
ap1000,0.08,182.1101237684022
ap1000,0.08,165.52147011567047
ap1000,0.08,145.4478701034676
ap1000,0.08,141.66579739827003
ap1000,0.08,150.07838335491817
ap1000,0.08,148.95045777042554
ap1000,0.08,146.53856278903072
ap1000,0.08,157.1131604175807
ap1000,0.08,144.69926076220324
ap1000,0.08,155.4782196472402
ap1000,0.08,181.22347231496119
ap1000,0.08,156.90901274779753
ap1000,0.08,152.99971895988048
ap1000,0.08,147.51463288748064
ap1000,0.08,168.44581447962818
ap1000,0.08,142.3060205995982
ap1000,0.08,146.57869514806998
ap1000,0.08,168.40361719868767
ap1000,0.08,153.33999166672095
ap1000,0.08,167.82352782569194
ap1000,0.08,151.31287672129667
ap1000,0.08,155.89989867855698
ap1000,0.08,173.07741822417995
ap1000,0.08,135.57614318327649
ap1000,0.08,174.17735544359257
ap1000,0.08,133.5896942148015
ap1000,0.08,150.29632663958924
ap1000,0.08,150.5114007410043
ap1000,0.08,142.60119979657787
ap1000,0.08,139.86437990144697
ap1000,0.08,159.89239906524577
ap1000,0.08,164.54539594766422
ap1000,0.08,162.1614446713424
ap1000,0.08,153.7034378824556
ap1000,0.08,149.63486419228963
ap1000,0.08,154.72524521573226
ap1000,0.08,134.81448022822815
ap1000,0.08,166.9377232604865
ap1000,0.08,168.05421999334243
ap1000,0.08,173.32918498335982
ap1000,0.08,158.6799893086991
ap1000,0.08,151.42389219214323
ap1000,0.08,140.9036647875255
ap1000,0.08,142.73514250805934
ap1000,0.08,174.0840442125653
ap1000,0.08,149.9453627330941
ap1000,0.08,156.0566230522966
ap1000,0.08,175.94221563968472
ap1000,0.08,154.8273852091725
ap1000,0.08,161.34771517264676
ap1000,0.08,137.92480222621333
ap1000,0.08,170.89901039747053
ap1000,0.08,174.50962568411387
ap1000,0.08,155.8264566536197
ap1000,0.08,143.25594053844162
ap1000,0.08,159.2957517860173
ap1000,0.08,144.36411343082457
ap1000,0.08,146.20364560254293
ap1000,0.08,158.21268814732338
ap1000,0.08,144.70397548700277
ap1000,0.08,163.0178900500849
ap1000,0.08,179.43250776806912
ap1000,0.08,168.09185386962122
ap1000,0.08,172.39957770707326
ap1000,0.08,172.3178234444217
ap1000,0.08,152.03637144936354
ap1000,0.08,161.3346604214296
ap1000,0.08,157.55607998806516
ap1000,0.08,142.10078838198987
ap1000,0.08,161.0072712365009
ap1000,0.08,170.9270956260464
ap1000,0.08,151.90967792394622
ap1000,0.08,143.27942796142386
ap1000,0.08,138.42026842004526
ap1000,0.08,142.74683498039514
ap1000,0.08,148.18769050884416
ap1000,0.08,164.7852361134064
ap1000,0.08,148.18660180231
ap1000,0.08,156.0179470969472
ap1000,0.08,156.31078658001252
ap1000,0.08,154.28210354782837
ap1000,0.08,133.02641103483668
ap1000,0.08,152.80594074466757
ap1000,0.08,162.83143920726334
ap1000,0.08,159.42773341020842
ap1000,0.08,151.64347229784227
ap1000,0.08,153.28805864135754
ap1000,0.08,144.69449755961236
ap1000,0.08,157.44020903245297
ap1000,0.08,139.80221193740132
ap1000,0.08,162.64823345654648
ap1000,0.08,166.7701009567059
ap1000,0.08,157.53981696280974
ap1000,0.08,172.49225604472113
ap1000,0.08,149.0248047636769
ap1000,0.08,139.57207863366637
ap1000,0.08,181.28399582799597
ap1000,0.08,156.83593446160324
ap1000,0.08,141.32074814662454
ap1000,0.08,151.35449720241695
ap1000,0.08,147.628066844427
ap1000,0.08,155.0875703796284
ap1000,0.08,164.05721438472597
ap1000,0.08,147.35483435471957
ap1000,0.08,163.11523457465162
ap1000,0.08,170.95919094834557
ap1000,0.08,157.30213263109468
ap1000,0.08,138.56548827269614
ap1000,0.08,146.40139717244085
ap1000,0.08,174.84305316320024
ap1000,0.08,155.66783247333802
ap1000,0.08,158.04871277124013
ap1000,0.08,151.28605635272885
ap1000,0.08,160.0261110959475
ap1000,0.08,156.71115362462405
ap1000,0.08,160.39468470181237
ap1000,0.08,153.56570842978772
ap1000,0.08,134.8409934781538
ap1000,0.08,166.50890145510843
ap1000,0.08,172.83725437712744
ap1000,0.08,163.3156558498112
ap1000,0.08,156.85647905750986
ap1000,0.08,145.83814372925553
ap1000,0.08,169.74095386521324
ap1000,0.08,175.46734803726144
ap1000,0.08,168.9512999213332
ap1000,0.08,169.93112394899248
ap1000,0.08,155.8222050363833
ap1000,0.08,143.65912812512994
ap1000,0.08,163.40550449990008
ap1000,0.08,135.87991759661404
ap1000,0.08,140.03122761865035
ap1000,0.08,161.96244336776667
ap1000,0.08,165.38897547821819
ap1000,0.08,149.56760139879913
ap1000,0.08,164.9067606955842
ap1000,0.08,156.11534588376614
ap1000,0.08,157.66032230385338
ap1000,0.08,151.33942103483074
ap1000,0.08,173.53810250116751
ap1000,0.08,140.16728554161594
ap1000,0.08,134.80848415442753
ap1000,0.08,166.67156754052112
ap1000,0.08,160.00214160958876
ap1000,0.08,175.19639790631382
ap1000,0.08,151.00462435510596
ap1000,0.08,162.57142325382327
ap1000,0.08,149.97324038177746
ap1000,0.08,173.00563832396
ap1000,0.08,171.47044505691156
candu_natural,0.04,45.81339726984018
candu_natural,0.04,49.39536125517745
candu_natural,0.04,44.99655322333732
candu_natural,0.04,50.971539572377665
candu_natural,0.04,42.67481497018495
candu_natural,0.04,48.974153895151204
candu_natural,0.04,47.860814569550996
candu_natural,0.04,50.36858662416167
candu_natural,0.04,44.173569974876976
candu_natural,0.04,45.16736825047071
candu_natural,0.04,45.40659895724137
candu_natural,0.04,50.079258967470174
candu_natural,0.04,45.64730693595497
candu_natural,0.04,48.1098008547174
candu_natural,0.04,46.01215059927363
candu_natural,0.04,50.58584525100493
candu_natural,0.04,50.61750315042401
candu_natural,0.04,46.51055934813459
candu_natural,0.04,48.982879928296974
candu_natural,0.04,48.413975592766285
candu_natural,0.04,48.45295456091232
candu_natural,0.04,47.53014147465848
candu_natural,0.04,43.916092268315744
candu_natural,0.04,45.57825914304889
candu_natural,0.04,47.88273941459894
candu_natural,0.04,49.34253177802782
candu_natural,0.04,45.11951268512051
candu_natural,0.04,46.03806394905482
candu_natural,0.04,45.15543618916116
candu_natural,0.04,51.556955282189776
candu_natural,0.04,49.30662223332357
candu_natural,0.04,49.36207225533608
candu_natural,0.04,47.83354877038798
candu_natural,0.04,47.451430762132894
candu_natural,0.04,48.48535457081412
candu_natural,0.04,46.70223452013557
candu_natural,0.04,52.10991588353687
candu_natural,0.04,43.87698844827883
candu_natural,0.04,45.86272438553061
candu_natural,0.04,48.7642558607785
candu_natural,0.04,50.85676332766494
candu_natural,0.04,49.247257181525576
candu_natural,0.04,47.8279505309921
candu_natural,0.04,48.547276360926475
candu_natural,0.04,47.015315457481414
candu_natural,0.04,50.30376981908331
candu_natural,0.04,49.293451622080205
candu_natural,0.04,49.12146175131007
candu_natural,0.04,49.07973371560104
candu_natural,0.04,44.759648083015016
candu_natural,0.04,47.49881637819001
candu_natural,0.04,48.2167032501321
candu_natural,0.04,51.08502782565847
candu_natural,0.04,48.84307463743976
candu_natural,0.04,45.954884209055166
candu_natural,0.04,47.97623892498148
candu_natural,0.04,47.698614823935564
candu_natural,0.04,43.93007087125726
candu_natural,0.04,43.95022542211552
candu_natural,0.04,46.973362183308254
candu_natural,0.04,49.35921130276176
candu_natural,0.04,47.235135474018875
candu_natural,0.04,52.20637098204199
candu_natural,0.04,47.14871400037199
candu_natural,0.04,47.699259879349846
candu_natural,0.04,43.67398278072323
candu_natural,0.04,45.80515744504652
candu_natural,0.04,42.05514587588268
candu_natural,0.04,50.6531161457804
candu_natural,0.04,46.70131164483743
candu_natural,0.04,51.74793411399397
candu_natural,0.04,49.39954399405176
candu_natural,0.04,45.41685124356938
candu_natural,0.04,48.92133660450078
candu_natural,0.04,43.67465021451425
candu_natural,0.04,46.77009326282728
candu_natural,0.04,43.856933272641264
candu_natural,0.04,49.30301382827965
candu_natural,0.04,46.53732374231802
candu_natural,0.04,48.150187217940235
candu_natural,0.04,45.471368351291794
candu_natural,0.04,51.55186992943186
candu_natural,0.04,47.44668615725918
candu_natural,0.04,43.57855908825809
candu_natural,0.04,46.47791890960854
candu_natural,0.04,49.83988629835813
candu_natural,0.04,45.512581176395024
candu_natural,0.04,46.416725902919396
candu_natural,0.04,47.603523355286725
candu_natural,0.04,51.13891312568093
candu_natural,0.04,46.97458597130444
candu_natural,0.04,44.174690608682766
candu_natural,0.04,48.00512009353816
candu_natural,0.04,48.73185294083095
candu_natural,0.04,48.706227209079316
candu_natural,0.04,51.152470745971165
candu_natural,0.04,50.08492365114919
candu_natural,0.04,50.18651310241391
candu_natural,0.04,46.616208068676464
candu_natural,0.04,48.78101412602415
candu_natural,0.04,51.61588909023798
candu_natural,0.04,51.18397543110742
candu_natural,0.04,52.95116535320983
candu_natural,0.04,51.84732392671752
candu_natural,0.04,47.93166305837868
candu_natural,0.04,48.47685485880477
candu_natural,0.04,44.17829999503704
candu_natural,0.04,49.38911084973987
candu_natural,0.04,44.982709169390056
candu_natural,0.04,52.28455823759745
candu_natural,0.04,47.45074771048643
candu_natural,0.04,50.17111241400877
candu_natural,0.04,50.27933169410913
candu_natural,0.04,44.847583638287716
candu_natural,0.04,48.750746253714624
candu_natural,0.04,43.17040828454323
candu_natural,0.04,47.70168839126503
candu_natural,0.04,50.231111876086054
candu_natural,0.04,49.61429613258914
candu_natural,0.04,48.513235885375316
candu_natural,0.04,45.667074696473634
candu_natural,0.04,47.511673384039355
candu_natural,0.04,46.87119031296901
candu_natural,0.04,48.92000660984987
candu_natural,0.04,47.98053184886905
candu_natural,0.04,44.02414702267339
candu_natural,0.04,45.472613036244184
candu_natural,0.04,45.0928961356867
candu_natural,0.04,44.21396822674097
candu_natural,0.04,44.99381080922803
candu_natural,0.04,49.95142856981793
candu_natural,0.04,49.59969996748758
candu_natural,0.04,44.02756290155488
candu_natural,0.04,44.83969004588967
candu_natural,0.04,50.45078491698015
candu_natural,0.04,49.17421911908235
candu_natural,0.04,49.876668956999644
candu_natural,0.04,47.87350720427519
candu_natural,0.04,43.75697195057672
candu_natural,0.04,47.593100259853976
candu_natural,0.04,49.72820487030887
candu_natural,0.04,45.43190922392223
candu_natural,0.04,48.55303289689635
candu_natural,0.04,47.29390483057894
candu_natural,0.04,45.87026066451791
candu_natural,0.04,46.12591525425175
candu_natural,0.04,47.153299540090444
candu_natural,0.04,47.04564185408297
candu_natural,0.04,48.35919307503122
candu_natural,0.04,46.2793706916642
candu_natural,0.04,44.5173676902891
candu_natural,0.04,46.65508882060739
candu_natural,0.04,50.18925117672893
candu_natural,0.04,49.36382222846142
candu_natural,0.04,48.20088002592064
candu_natural,0.04,45.922749251740214
candu_natural,0.04,47.173982761374695
candu_natural,0.04,48.72904746000005
candu_natural,0.04,48.477470309329185
candu_natural,0.04,46.91653758817821
candu_natural,0.04,48.25307080707551
candu_natural,0.04,46.090978378209385
candu_natural,0.04,52.51961800344154
candu_natural,0.04,48.65457140804513
candu_natural,0.04,50.78023975630032
candu_natural,0.04,45.009698521949296
candu_natural,0.04,42.40018938747681
candu_natural,0.04,45.325620878928696
candu_natural,0.04,47.331323199519275
candu_natural,0.04,48.59266391199001
candu_natural,0.04,52.8757732721879
candu_natural,0.04,50.887713195279964
candu_natural,0.04,47.30534693545948
candu_natural,0.04,48.16454194774043
candu_natural,0.04,46.46209497517359
candu_natural,0.04,43.31961107024254
candu_natural,0.04,46.860591987537504
candu_natural,0.04,49.68539841810995
candu_natural,0.04,49.20653490721698
candu_natural,0.04,48.23235464967767
candu_natural,0.04,52.542070304125964
candu_natural,0.04,42.47820948799335
candu_natural,0.04,48.17736472329114
candu_natural,0.04,42.62242046439346
candu_natural,0.04,50.41731902408012
candu_natural,0.04,49.81995503979527
candu_natural,0.04,44.85176101811608
candu_natural,0.04,48.42020411445652
candu_natural,0.04,43.712989673673356
candu_natural,0.04,45.67352772008237
candu_natural,0.04,43.783459048134574
candu_natural,0.04,44.94296454007342
candu_natural,0.04,47.24942290309124
candu_natural,0.04,46.424519348772144
candu_natural,0.04,46.05071362542999
candu_natural,0.04,41.96252453815213
candu_natural,0.04,47.74503773253603
candu_natural,0.04,45.24627864534281
candu_natural,0.04,43.853834519511835
candu_natural,0.04,45.206852211456244
candu_natural,0.04,48.25517790351769
candu_natural,0.04,47.10080280108145
candu_natural,0.04,49.82902682635152
candu_natural,0.04,44.26979054237109
candu_natural,0.04,49.14065785439571
candu_natural,0.04,47.45811329537521
candu_natural,0.04,48.06502535148761
candu_natural,0.04,45.14128966054041
candu_natural,0.04,43.126617852526934
candu_natural,0.04,45.552502446608564
candu_natural,0.04,45.166956673076434
candu_natural,0.04,45.317620987081746
candu_natural,0.04,45.872568647441504
candu_natural,0.04,45.05433080292669
candu_natural,0.04,44.31684720085652
candu_natural,0.04,48.525141077767415
candu_natural,0.04,45.92897548808989
candu_natural,0.04,43.96518358795308
candu_natural,0.04,44.91089849286162
candu_natural,0.04,50.40231980773591
candu_natural,0.04,48.91334700861071
candu_natural,0.04,49.69932293919854
candu_natural,0.04,45.85960073721035
candu_natural,0.04,45.88396389982393
candu_natural,0.04,41.85686571442662
candu_natural,0.04,50.02936881977882
candu_natural,0.04,46.910810108130796
candu_natural,0.04,48.67554478616155
candu_natural,0.04,43.26570862294361
candu_natural,0.04,49.81614732056927
candu_natural,0.04,47.57458400993574
candu_natural,0.04,48.67834269003239
candu_natural,0.04,51.255858517996046
candu_natural,0.04,47.72728883196621
candu_natural,0.04,46.36668528971378
candu_natural,0.04,45.12127135640429
candu_natural,0.04,47.7534673004637
candu_natural,0.04,46.04597407039123
candu_natural,0.04,45.159527571298405
candu_natural,0.04,46.95976219765287
candu_natural,0.04,46.20969707877915
candu_natural,0.04,48.19485187097367
candu_natural,0.04,46.899513057878856
candu_natural,0.04,49.70500935480972
candu_natural,0.04,46.77879530948358
candu_natural,0.04,48.525893949426894
candu_natural,0.04,49.254390443997714
candu_natural,0.04,44.995562584671255
candu_natural,0.04,50.377236251474
candu_natural,0.04,50.94131826342147
candu_natural,0.04,45.41118695494595
candu_natural,0.04,43.34862028793015
candu_natural,0.04,47.41413782197908
candu_natural,0.04,45.909123260317784
candu_natural,0.04,46.54202940426666
candu_natural,0.04,46.4568433159792
candu_natural,0.04,45.93703040327354
candu_natural,0.04,46.43603010587214
candu_natural,0.04,46.33892582197211
candu_natural,0.04,49.386735400749515
candu_natural,0.04,49.06208471684244
candu_natural,0.04,51.432588296587504
candu_natural,0.04,48.9737627273991
candu_natural,0.04,44.366294430246136
candu_natural,0.04,46.844125219259695
candu_natural,0.04,46.17737390668315
candu_natural,0.04,45.87762668962645
candu_natural,0.04,47.61215553640274
candu_natural,0.04,47.747011236178125
candu_natural,0.04,49.685043071288554
candu_natural,0.04,46.282955238409805
candu_natural,0.04,50.02352349035154
candu_natural,0.04,48.30816546412504
candu_natural,0.04,43.87153681776832
candu_natural,0.04,44.98128886399672
candu_natural,0.04,46.82099446105298
candu_natural,0.04,51.659692936521125
candu_natural,0.04,48.596298196940445
candu_natural,0.04,48.47332373758027
candu_natural,0.04,42.73274674550573
candu_natural,0.04,48.214488149566264
candu_natural,0.04,48.720162509666885
candu_natural,0.04,48.72479142198204
candu_natural,0.04,46.47302781266665
candu_natural,0.04,44.55721650359496
candu_natural,0.04,46.073440911314265
candu_natural,0.04,49.66208054323872
candu_natural,0.04,48.136295380739355
candu_natural,0.04,47.736459575966514
candu_natural,0.04,48.359024806081166
candu_natural,0.04,46.9300849507781
candu_natural,0.04,44.13430538470733
candu_natural,0.04,47.78142145403647
candu_natural,0.04,43.47369106128182
candu_natural,0.04,48.16556008354171
candu_natural,0.04,46.681478277587466
candu_natural,0.04,50.06418753151625
candu_natural,0.04,51.04939520153397
candu_natural,0.04,50.53230357237955
candu_natural,0.04,46.29225626338581
candu_natural,0.04,46.99965188657974
candu_natural,0.04,45.32308181197539
candu_natural,0.04,42.8932261349887
candu_natural,0.04,46.29961817826002
candu_natural,0.04,52.01459446941052
candu_natural,0.04,46.23497484911667
candu_natural,0.04,43.348672142594296
candu_natural,0.04,47.88730507826583
candu_natural,0.04,47.090391351407554
candu_natural,0.04,47.608869971249696
candu_natural,0.04,45.82667537968664
candu_natural,0.04,46.24720617918281
candu_natural,0.04,49.781568538630744
candu_natural,0.04,49.755484124811225
candu_natural,0.04,48.35951289333127
candu_natural,0.04,49.889779344240964
candu_natural,0.04,49.334985305900446
candu_natural,0.04,44.792320873099065
candu_natural,0.04,47.86129985803984
candu_natural,0.04,44.023756816378295
candu_natural,0.04,48.946508686754186
candu_natural,0.04,46.44020310488561
candu_natural,0.04,44.686299156334364
candu_natural,0.04,47.91629068979194
candu_natural,0.04,46.19909963513541
candu_natural,0.04,47.68463017765548
candu_natural,0.04,52.00291491194152
candu_natural,0.04,47.882751420700004
candu_natural,0.04,49.12867829352934
candu_natural,0.04,48.17076435596224
candu_natural,0.04,41.82099211321848
candu_natural,0.04,50.63679233837865
candu_natural,0.04,44.4530210758093
candu_natural,0.04,49.31434737408534
candu_natural,0.04,42.948188722312
candu_natural,0.04,45.71945248360188
candu_natural,0.04,48.89363203967095
candu_natural,0.04,47.559478322367184
candu_natural,0.04,48.286981233260015
candu_natural,0.04,46.83762042514254
candu_natural,0.04,48.48869075031265
candu_natural,0.04,49.873417481065985
candu_natural,0.04,48.421193784163854
candu_natural,0.04,43.45219233772089
candu_natural,0.04,47.048053590910435
candu_natural,0.04,49.02253352594775
candu_natural,0.04,47.56707510477748
candu_natural,0.04,46.95476645635777
candu_natural,0.04,48.70173481180319
candu_natural,0.04,45.766669610218294
candu_natural,0.04,48.68196949682943
candu_natural,0.04,50.247316293640175
candu_natural,0.04,48.795102871318115
candu_natural,0.04,49.93752414075565
candu_natural,0.04,46.859253745676995
candu_natural,0.04,46.54816568333694
candu_natural,0.04,44.36032999978528
candu_natural,0.04,46.781212519780354
candu_natural,0.04,52.1867529834243
candu_natural,0.04,48.99906365082962
candu_natural,0.04,48.641160060719244
candu_natural,0.04,47.23581519060283
candu_natural,0.04,48.67084082193081
candu_natural,0.04,45.958032202179254
candu_natural,0.04,46.670961116576066
candu_natural,0.04,47.408045642068615
candu_natural,0.04,45.53512481482759
candu_natural,0.04,44.66389142320794
candu_natural,0.04,48.05593846973204
candu_natural,0.04,48.07255993352887
candu_natural,0.04,49.47884567701503
candu_natural,0.04,48.01717628703815
candu_natural,0.04,47.741303017097394
candu_natural,0.04,52.125087000502255
candu_natural,0.04,48.72792230934864
candu_natural,0.04,50.587742238521045
candu_natural,0.04,52.0344565648618
candu_natural,0.04,50.80771933995602
candu_natural,0.04,50.019436497859566
candu_natural,0.04,49.36344764097657
candu_natural,0.04,50.692358075608766
candu_natural,0.04,47.88951071991944
candu_natural,0.04,49.19420469103777
candu_natural,0.04,45.337379328909
candu_natural,0.04,49.396735161383546
candu_natural,0.04,44.682156683195075
candu_natural,0.04,51.095217541507324
candu_natural,0.04,48.35179308909692
candu_natural,0.04,45.45110449462195
candu_natural,0.04,46.36214438417671
candu_natural,0.04,47.51295287527285
candu_natural,0.04,50.81977606283763
candu_natural,0.04,47.89549131266914
candu_natural,0.04,45.043964384582694
candu_natural,0.04,46.3608406206897
candu_natural,0.04,49.19538085863912
candu_natural,0.04,47.94998918547328
candu_natural,0.04,50.479136070428844
candu_natural,0.04,46.42065814498557
candu_natural,0.04,46.10505263142944
candu_natural,0.04,50.316445802028056
candu_natural,0.04,49.196421072613454
candu_natural,0.04,44.10748145103344
candu_natural,0.04,46.93384458354389
candu_natural,0.04,50.93940810651581
candu_natural,0.04,50.51107067104732
candu_natural,0.04,49.22188213829592
candu_natural,0.04,46.97337023245724
candu_natural,0.04,47.189938557416866
candu_natural,0.04,46.96569689171473
candu_natural,0.04,46.19843777030669
candu_natural,0.04,45.283658045386844
candu_natural,0.04,47.42909025171995
candu_natural,0.04,44.394761751990686
candu_natural,0.04,49.621372855388806
candu_natural,0.04,44.51538318991634
candu_natural,0.04,44.71587145386607
candu_natural,0.04,48.02063693545305
candu_natural,0.04,48.48628987960896
candu_natural,0.04,45.996542186031
candu_natural,0.04,45.00970584229531
candu_natural,0.04,48.03095167321157
candu_natural,0.04,46.599160385003515
candu_natural,0.04,47.15736162829459
candu_natural,0.04,51.99077358989778
candu_natural,0.04,47.981491903641405
candu_natural,0.04,49.57852547091997
candu_natural,0.04,49.63129059574713
candu_natural,0.04,45.35176001222326
candu_natural,0.04,47.16281862261509
candu_natural,0.04,48.78728295881712
candu_natural,0.04,49.92996120776627
candu_natural,0.04,48.31649861294585
candu_natural,0.04,45.552373887078645
candu_natural,0.04,42.931191831792916
candu_natural,0.04,46.94602753561636
candu_natural,0.04,50.20721915749463
candu_natural,0.04,48.75559802130764
candu_natural,0.04,44.44592834509336
candu_natural,0.04,47.547916069274144
candu_natural,0.04,51.26829298836613
candu_natural,0.04,49.8362964931564
candu_natural,0.04,49.235992908195165
candu_natural,0.04,47.117046223096956
candu_natural,0.04,45.90462728183985
candu_natural,0.04,46.37933675114109
candu_natural,0.04,44.176084618968844
candu_natural,0.04,48.68660414598681
candu_natural,0.04,47.99177178168971
candu_natural,0.04,49.50479940795047
candu_natural,0.04,45.708645384508486
candu_natural,0.04,49.22051952162613
candu_natural,0.04,46.87835283477143
candu_natural,0.04,49.35232228375057
candu_natural,0.04,50.041668130881256
candu_natural,0.04,46.56898417304487
candu_natural,0.04,45.0935299714162
candu_natural,0.04,46.43210951686566
candu_natural,0.04,44.712458262839924
candu_natural,0.04,45.8874225898017
candu_natural,0.04,50.15651811086105
candu_natural,0.04,44.79083564031806
candu_natural,0.04,45.53245462583784
candu_natural,0.04,49.8401437689078
candu_natural,0.04,52.49518602264688
candu_natural,0.04,46.20909348283458
candu_natural,0.04,48.34883043077156
candu_natural,0.04,48.40305885132067
candu_natural,0.04,43.99332681102196
candu_natural,0.04,51.59936724574898
candu_natural,0.04,48.688158607882684
candu_natural,0.04,47.5549549965123
candu_natural,0.04,43.91651859509414
candu_natural,0.04,44.313675370256064
candu_natural,0.04,48.816988507826565
candu_natural,0.04,48.20576238886799
candu_natural,0.04,47.54652238704998
candu_natural,0.04,50.75800338345897
candu_natural,0.04,46.775433043505906
candu_natural,0.04,47.27189319962941
candu_natural,0.04,50.28523848184466
candu_natural,0.04,52.09146638608428
candu_natural,0.04,46.38194456460111
candu_natural,0.04,49.96690832933881
candu_natural,0.04,47.76459468760536
candu_natural,0.04,47.76007400346206
candu_natural,0.04,49.88020807441108
candu_natural,0.04,48.649835549499244
candu_natural,0.04,46.98406462696072
candu_natural,0.04,48.83072622882286
candu_natural,0.04,47.95684681658994
candu_natural,0.04,50.96981702169779
candu_natural,0.04,47.77295925651068
candu_natural,0.04,50.53513394987683
candu_natural,0.04,43.34091513199729
candu_natural,0.04,47.19271302777028
candu_natural,0.04,45.02577491397946
candu_natural,0.04,46.92263404608219
candu_natural,0.04,48.729705486473364
candu_natural,0.04,49.22252414037722
candu_natural,0.04,49.0878343084478
candu_natural,0.04,47.78596661677456
candu_natural,0.04,47.62732541164851
candu_natural,0.04,46.442825201390136
candu_natural,0.04,45.75140867335478
candu_natural,0.04,46.42542960588213
candu_natural,0.04,44.68863290865678
candu_natural,0.04,52.37401091694032
candu_natural,0.04,46.39754381112878
candu_natural,0.04,47.62022007080796
candu_natural,0.04,51.182970908285476
candu_natural,0.04,47.324950142656526
candu_natural,0.04,46.89470004698163
candu_natural,0.04,43.788469096545704
candu_natural,0.04,46.459858880393895
candu_natural,0.04,43.611199103203006
candu_natural,0.04,46.951655410780845
candu_natural,0.04,48.57213871500329
candu_natural,0.04,49.91174652322974
candu_natural,0.04,48.77917676461564
candu_natural,0.04,46.114434378218014
candu_natural,0.04,47.27935773048
candu_natural,0.04,51.522160317451274
candu_natural,0.04,48.30290622017548
candu_natural,0.04,44.738936309442664
candu_natural,0.04,49.74069093076656
candu_natural,0.04,50.33740621204239
candu_natural,0.04,43.86679944561286
candu_natural,0.04,47.82072604502194
candu_natural,0.04,46.29165913145603
candu_natural,0.04,44.72881761091213
candu_natural,0.04,48.25534119018115
candu_natural,0.04,42.67137489491624
candu_natural,0.04,50.08373079147918
candu_natural,0.04,50.71514098427233
candu_natural,0.04,48.54082719025356
candu_natural,0.04,45.09936371682482
candu_natural,0.04,49.59955170338186
candu_natural,0.04,46.46132109098438
candu_natural,0.04,45.91071565269071
candu_natural,0.04,44.70513003414275
candu_natural,0.04,48.80223046476221
candu_natural,0.04,44.921506986296905
candu_natural,0.04,46.0970955114881
candu_natural,0.04,47.19837225100903
candu_natural,0.04,47.61597977307801
candu_natural,0.04,47.94712905683753
candu_natural,0.04,50.317999189310804
candu_natural,0.04,48.003534918677914
candu_natural,0.04,44.24358664764157
candu_natural,0.04,50.258901614539404
candu_natural,0.04,46.273121112988655
candu_natural,0.04,49.614672316402114
candu_natural,0.04,47.02563327028114
candu_natural,0.04,42.34203134322755
candu_natural,0.04,50.43251402586099
candu_natural,0.04,44.561833635435825
candu_natural,0.04,47.11279888490809
candu_natural,0.04,43.26177638483351
candu_natural,0.04,48.26214698281467
candu_natural,0.04,49.238270510168945
candu_natural,0.04,51.497381988087405
candu_natural,0.04,42.635549128766115
candu_natural,0.04,52.224182605441364
candu_natural,0.04,48.38717885588709
candu_natural,0.04,44.17644627713833
candu_natural,0.04,50.44751993576803
candu_natural,0.04,48.39458857086943
candu_natural,0.04,46.62818380638155
candu_natural,0.04,46.24359049456928
candu_natural,0.04,51.535736614855594
candu_natural,0.04,45.890432458724185
candu_natural,0.04,48.27187473286377
candu_natural,0.04,46.87652906139939
candu_natural,0.04,46.653847099399805
candu_natural,0.04,42.82990528153971
candu_natural,0.04,45.509148654145406
candu_natural,0.04,49.66047712695518
candu_natural,0.04,50.59244951548268
candu_natural,0.04,46.32457785659282
candu_natural,0.04,48.86981007761467
candu_natural,0.04,48.18379991813696
candu_natural,0.04,45.77174692664025
candu_natural,0.04,49.855823236045154
candu_natural,0.04,47.340372384895424
candu_natural,0.04,46.60347023820869
candu_natural,0.04,46.22624507286339
candu_natural,0.04,45.128030730482436
candu_natural,0.04,48.135942812990706
candu_natural,0.04,45.117284474371225
candu_natural,0.04,45.72277246144281
candu_natural,0.04,47.950976074710674
candu_natural,0.04,49.24308380946026
candu_natural,0.04,44.21102796478699
candu_natural,0.04,49.67120567779903
candu_natural,0.04,46.76354252386618
candu_natural,0.04,46.00193388557993
candu_natural,0.04,44.34394316323625
candu_natural,0.04,48.24122891455204
candu_natural,0.04,44.63629076664293
candu_natural,0.04,42.802693852259985
candu_natural,0.04,51.26060133654387
candu_natural,0.04,42.71511558293185
candu_natural,0.04,47.43209478376967
candu_natural,0.04,45.435969436152746
candu_natural,0.04,47.099827807902706
candu_natural,0.04,47.29643515965487
candu_natural,0.04,51.00434126822464
candu_natural,0.04,49.081816380954244
candu_natural,0.04,43.69132492969476
candu_natural,0.04,46.276276490253245
candu_natural,0.04,48.18945125900813
candu_natural,0.04,44.16673680079768
candu_natural,0.04,46.01538371216547
candu_natural,0.04,46.017142459854725
candu_natural,0.04,44.38613749092581
candu_natural,0.04,51.45519643866011
candu_natural,0.04,47.369929310991886
candu_natural,0.04,44.74856685101549
candu_natural,0.04,48.38573302056919
candu_natural,0.04,48.398936711552544
candu_natural,0.04,49.450389143211616
candu_natural,0.04,51.28564897225422
candu_natural,0.04,46.08299782157409
candu_natural,0.04,49.04670920794617
candu_natural,0.04,44.80497782620685
candu_natural,0.04,45.24244343843836
candu_natural,0.04,45.950562346172596
candu_natural,0.04,46.438794932554224
candu_natural,0.04,51.43685511323591
candu_natural,0.04,47.74915161179955
candu_natural,0.04,46.4717019449467
candu_natural,0.04,52.49287050687008
candu_natural,0.04,48.81947685695802
candu_natural,0.04,51.994285443757185
candu_natural,0.04,47.96268939756476
candu_natural,0.04,44.67312563354799
candu_natural,0.04,45.05047919909113
candu_natural,0.04,45.18934248819603
candu_natural,0.04,47.48523889366084
candu_natural,0.04,45.69381384540936
candu_natural,0.04,52.48090505860627
candu_natural,0.04,42.187208432443015
candu_natural,0.04,47.25690880222479
candu_natural,0.04,46.47074665356324
candu_natural,0.04,46.02769300657891
candu_natural,0.04,46.09733568911604
candu_natural,0.04,48.04227177177305
candu_natural,0.04,48.35988216167459
candu_natural,0.04,52.27439421942625
candu_natural,0.04,47.674106129553735
candu_natural,0.04,47.88765840806616
candu_natural,0.04,43.1174063579804
candu_natural,0.04,46.935068631382386
candu_natural,0.04,43.650138468818845
candu_natural,0.04,47.37605450059218
candu_natural,0.04,50.12147328174481
candu_natural,0.04,45.08810260413272
candu_natural,0.04,45.88514584670933
candu_natural,0.04,49.5366495798844
candu_natural,0.04,47.9520671567161
candu_natural,0.04,47.86596412308491
candu_natural,0.04,43.800336511230654
candu_natural,0.04,49.49020406329711
candu_natural,0.04,51.228654148313964
candu_natural,0.04,50.34176152344942
candu_natural,0.04,48.90434073668672
candu_natural,0.04,44.5436249204058
candu_natural,0.04,48.009268958279726
candu_natural,0.04,48.05762230998136
candu_natural,0.04,48.31452041915633
candu_natural,0.04,44.35591066703256
candu_natural,0.04,48.299317134536544
candu_natural,0.04,46.96458600904078
candu_natural,0.04,46.84441940539129
candu_natural,0.04,41.74745883467868
candu_natural,0.04,49.99993733919838
candu_natural,0.04,46.94548515601798
candu_natural,0.04,48.51315279561606
candu_natural,0.04,44.175403714714285
candu_natural,0.04,43.817545546961504
candu_natural,0.04,48.17130300848362
candu_natural,0.04,46.17683091493552
candu_natural,0.04,49.555248270191235
candu_natural,0.04,49.18750926313087
candu_natural,0.04,46.179832940463804
candu_natural,0.04,47.10335008214563
candu_natural,0.04,43.94200246811823
candu_natural,0.04,50.223482772916164
candu_natural,0.04,45.374583927058396
candu_natural,0.04,48.415286558031
candu_natural,0.04,46.49717348947241
candu_natural,0.04,47.780793143569575
candu_natural,0.04,43.089437231994005
candu_natural,0.04,48.5572857869825
candu_natural,0.04,43.65502703577197
candu_natural,0.04,45.189317733199836
candu_natural,0.04,45.951293531161
candu_natural,0.04,49.71627688691183
candu_natural,0.04,49.802703987438264
candu_natural,0.04,45.62380115167568
candu_natural,0.04,47.8680116500088
candu_natural,0.04,48.16432185830212
candu_natural,0.04,46.64307374134134
candu_natural,0.04,50.661888400641466
candu_natural,0.04,51.377540820072014
candu_natural,0.04,45.56930125353253
candu_natural,0.04,47.311254613197946
candu_natural,0.04,48.29069050030964
candu_natural,0.04,48.93230903102152
candu_natural,0.04,44.320630638005525
candu_natural,0.04,49.61977196663979
candu_natural,0.04,49.389000070829596
candu_natural,0.04,43.393937271828456
candu_natural,0.04,50.99838695028907
candu_natural,0.04,48.37880966917121
candu_natural,0.04,49.8474828417889
candu_natural,0.04,46.53624702880962
candu_natural,0.04,46.38860181882974
candu_natural,0.04,50.349016489577416
candu_natural,0.04,50.09978663541218
candu_natural,0.04,50.72525073855386
candu_natural,0.04,45.88607733114372
candu_natural,0.04,43.35933766654843
candu_natural,0.04,49.26629556960966
candu_natural,0.04,46.78995308944604
candu_natural,0.04,45.17117977933798
candu_natural,0.04,50.82077288874596
candu_natural,0.04,49.79269812266365
candu_natural,0.04,47.60172779793436
candu_natural,0.04,48.32413293368625
candu_natural,0.04,46.9575912538764
candu_natural,0.04,44.091917565048135
candu_natural,0.04,45.26394033174575
candu_natural,0.04,47.220615890264796
candu_natural,0.04,49.677119331191264
candu_natural,0.04,45.55543078276108
candu_natural,0.04,49.620912496964586
candu_natural,0.04,50.59425881731709
candu_natural,0.04,50.38270366693261
candu_natural,0.04,48.84145237234425
candu_natural,0.04,49.597216687730146
candu_natural,0.04,44.464330342561816
candu_natural,0.04,50.688194099839286
candu_natural,0.04,45.506032905152274
candu_natural,0.04,47.50074736918918
candu_natural,0.04,49.538477817189076
candu_natural,0.04,47.36811195903253
candu_natural,0.04,50.47448583225155
candu_natural,0.04,46.18025684891342
candu_natural,0.04,47.056266508605276
candu_natural,0.04,48.269281608500926
candu_natural,0.04,49.982933606876394
candu_natural,0.04,49.995715053740405
candu_natural,0.04,50.595587986512854
candu_natural,0.04,48.09196515174302
candu_natural,0.04,46.628161258541006
candu_natural,0.04,45.853678888031745
candu_natural,0.04,45.6066581994754
candu_natural,0.04,49.7779585633963
candu_natural,0.04,42.68535664584085
candu_natural,0.04,50.925100860771515
candu_natural,0.04,47.93129575198921
candu_natural,0.04,45.030778822025404
candu_natural,0.04,47.06516793021567
candu_natural,0.04,50.629414410160045
candu_natural,0.04,48.78602270894353
candu_natural,0.04,45.585362323491495
candu_natural,0.04,42.78515061544467
candu_natural,0.04,46.98716725601063
candu_natural,0.04,50.52583220855786
candu_natural,0.04,44.85141862679154
candu_natural,0.04,51.83958748725134
candu_natural,0.04,47.4352777616929
candu_natural,0.04,50.325910780644996
candu_natural,0.04,48.39743901553466
candu_natural,0.04,47.0031121867906
candu_natural,0.04,42.2378496463929
candu_natural,0.04,51.85328637463773
candu_natural,0.04,46.53349244665667
candu_natural,0.04,50.04588445210278
candu_natural,0.04,45.2475286459078
candu_natural,0.04,47.2218015455013
candu_natural,0.04,44.96710721939239
candu_natural,0.04,44.58112830261912
candu_natural,0.04,51.02129271073117
candu_natural,0.04,44.9502357086878
candu_natural,0.04,47.95100935091781
candu_natural,0.04,49.7523752402058
candu_natural,0.04,48.854004539261624
candu_natural,0.04,47.85877945188871
candu_natural,0.04,46.77908561028569
candu_natural,0.04,47.94573503234606
candu_natural,0.04,47.620590762220566
candu_natural,0.04,45.68336940900787
candu_natural,0.04,47.82017797954797
candu_natural,0.04,49.46211950075855
candu_natural,0.04,45.531859261797315
candu_natural,0.04,46.26159021275755
candu_natural,0.04,49.198486443385676
candu_natural,0.04,46.918718293279
candu_natural,0.04,45.477400283456014
candu_natural,0.04,47.23914753303307
candu_natural,0.04,45.15960451293868
candu_natural,0.04,49.257530145404694
candu_natural,0.04,49.58067045260727
candu_natural,0.04,50.70280660332911
candu_natural,0.04,48.41556144597037
candu_natural,0.04,44.374068804582386
candu_natural,0.04,47.26756980734391
candu_natural,0.04,45.82821145683002
candu_natural,0.04,46.18091394053097
candu_natural,0.04,42.581579817789645
candu_natural,0.04,44.773209509529146
candu_natural,0.04,44.188666391475685
candu_natural,0.04,48.45975670268727
candu_natural,0.04,52.85831144703947
candu_natural,0.04,47.800967300710155
candu_natural,0.04,46.505199778786185
candu_natural,0.04,47.68779451747745
candu_natural,0.04,48.01619401699551
candu_natural,0.04,47.8434713301886
candu_natural,0.04,43.23756914073251
candu_natural,0.04,45.73597286797324
candu_natural,0.04,47.55311148546445
candu_natural,0.04,50.2458543415141
candu_natural,0.04,46.129683945879236
candu_natural,0.04,44.79670529255115
candu_natural,0.04,46.778939217684666
candu_natural,0.04,46.9841089611896
candu_natural,0.04,46.76177591588477
candu_natural,0.04,43.55003793465093
candu_natural,0.04,44.85590756966275
candu_natural,0.04,46.392778672882
candu_natural,0.04,46.12269693973846
candu_natural,0.04,50.419507978101265
candu_natural,0.04,48.44155173900639
candu_natural,0.04,42.76609387658443
candu_natural,0.04,46.65112611748851
candu_natural,0.04,45.06495073118943
candu_natural,0.04,47.01376414387504
candu_natural,0.04,46.556698574073714
candu_natural,0.04,46.41849660994158
candu_natural,0.04,45.658147409470466
candu_natural,0.04,47.27851902547759
candu_natural,0.04,53.54348307930506
candu_natural,0.04,47.11313757303027
candu_natural,0.04,45.988237460217164
candu_natural,0.04,51.84356767441516
candu_natural,0.04,45.601833643747945
candu_natural,0.04,52.82650766157686
candu_natural,0.04,49.22274608244086
candu_natural,0.04,45.79123849646737
candu_natural,0.04,44.42658083555208
candu_natural,0.04,46.162434116563546
candu_natural,0.04,46.08403282192719
candu_natural,0.04,45.312316741706816
candu_natural,0.04,47.50940263254103
candu_natural,0.04,44.71212564300632
candu_natural,0.04,47.011535812235905
candu_natural,0.04,52.30024862843038
candu_natural,0.04,47.89821572559899
candu_natural,0.04,46.96451907306754
candu_natural,0.04,46.42244987661934
candu_natural,0.04,50.08476934691263
candu_natural,0.04,45.28214693048602
candu_natural,0.04,46.00613760524271
candu_natural,0.04,49.939179614318334
candu_natural,0.04,46.91332136827082
candu_natural,0.04,50.28039520806819
candu_natural,0.04,46.20479857256251
candu_natural,0.04,47.44875409207584
candu_natural,0.04,51.306078810474006
candu_natural,0.04,43.47035372539086
candu_natural,0.04,51.088571818303286
candu_natural,0.04,42.8452925279881
candu_natural,0.04,46.44180258694189
candu_natural,0.04,46.80803378843574
candu_natural,0.04,44.002267613533924
candu_natural,0.04,44.123803004358045
candu_natural,0.04,47.664572369625446
candu_natural,0.04,49.34723492269395
candu_natural,0.04,48.80675726468132
candu_natural,0.04,47.70588204481267
candu_natural,0.04,46.25890012015422
candu_natural,0.04,47.29343024870668
candu_natural,0.04,43.01211280181483
candu_natural,0.04,49.338918560741625
candu_natural,0.04,49.29703223383208
candu_natural,0.04,51.07838984655267
candu_natural,0.04,47.70211501612544
candu_natural,0.04,46.28781544395193
candu_natural,0.04,44.60864934546162
candu_natural,0.04,44.76311156732078
candu_natural,0.04,51.078376368495626
candu_natural,0.04,46.38599202656443
candu_natural,0.04,46.81489775611495
candu_natural,0.04,51.096010091073445
candu_natural,0.04,47.56346237377349
candu_natural,0.04,48.009109185408676
candu_natural,0.04,44.23103017091512
candu_natural,0.04,51.15395317160971
candu_natural,0.04,51.624611796359616
candu_natural,0.04,46.98284903797486
candu_natural,0.04,43.903941171835754
candu_natural,0.04,48.164865724471014
candu_natural,0.04,45.25218972493496
candu_natural,0.04,45.44222427037734
candu_natural,0.04,47.56370539480192
candu_natural,0.04,45.18975286223185
candu_natural,0.04,48.58290581639238
candu_natural,0.04,52.9546743750856
candu_natural,0.04,49.971896403614586
candu_natural,0.04,50.53210121490649
candu_natural,0.04,50.6582954549085
candu_natural,0.04,46.79453779433049
candu_natural,0.04,48.65270267486751
candu_natural,0.04,47.45242310885323
candu_natural,0.04,44.53988770981105
candu_natural,0.04,48.92066422455106
candu_natural,0.04,50.99935222612489
candu_natural,0.04,45.68862176504619
candu_natural,0.04,45.20706369742116
candu_natural,0.04,44.28589789216448
candu_natural,0.04,44.47860035459271
candu_natural,0.04,46.31468827560552
candu_natural,0.04,49.1645248635004
candu_natural,0.04,45.30800445793166
candu_natural,0.04,48.12323896312427
candu_natural,0.04,47.49597854670064
candu_natural,0.04,46.8594620665472
candu_natural,0.04,42.634109865811865
candu_natural,0.04,46.754530144990774
candu_natural,0.04,49.064364853130016
candu_natural,0.04,47.27550248748197
candu_natural,0.04,47.08738923964713
candu_natural,0.04,46.82273221554336
candu_natural,0.04,45.45858859099341
candu_natural,0.04,47.24779950247314
candu_natural,0.04,43.39720506592789
candu_natural,0.04,48.05351038875261
candu_natural,0.04,49.545956645884985
candu_natural,0.04,47.7105435664664
candu_natural,0.04,51.447852147089144
candu_natural,0.04,45.59569642349906
candu_natural,0.04,44.18256217474447
candu_natural,0.04,52.71765249378374
candu_natural,0.04,48.19551161325028
candu_natural,0.04,44.7904632623835
candu_natural,0.04,46.205259891697104
candu_natural,0.04,45.9243087946867
candu_natural,0.04,46.774071989290064
candu_natural,0.04,49.368750604151934
candu_natural,0.04,45.320911422219815
candu_natural,0.04,48.71821352866668
candu_natural,0.04,50.40690146003296
candu_natural,0.04,47.9061911211262
candu_natural,0.04,43.958560837823406
candu_natural,0.04,45.72141747981275
candu_natural,0.04,50.93457537737913
candu_natural,0.04,47.02522981750787
candu_natural,0.04,47.39660413551804
candu_natural,0.04,46.47439652645814
candu_natural,0.04,47.785812793758524
candu_natural,0.04,47.49498784972341
candu_natural,0.04,48.34664618284796
candu_natural,0.04,46.50759143660979
candu_natural,0.04,43.75264615411366
candu_natural,0.04,49.49825717953472
candu_natural,0.04,50.810551534043526
candu_natural,0.04,49.6501678443808
candu_natural,0.04,48.39362352054605
candu_natural,0.04,45.38803382197243
candu_natural,0.04,49.73432062750078
candu_natural,0.04,51.73990003325979
candu_natural,0.04,49.55080229090741
candu_natural,0.04,50.616780894565466
candu_natural,0.04,47.76575016462252
candu_natural,0.04,45.724034196059534
candu_natural,0.04,49.20132017229508
candu_natural,0.04,43.01967167026953
candu_natural,0.04,43.67216769481821
candu_natural,0.04,49.18544264420359
candu_natural,0.04,48.864825027599025
candu_natural,0.04,45.5597768514649
candu_natural,0.04,49.865817379946876
candu_natural,0.04,47.95821447185173
candu_natural,0.04,47.32787196062798
candu_natural,0.04,46.918313376826184
candu_natural,0.04,50.822733758913785
candu_natural,0.04,44.31815759435752
candu_natural,0.04,42.46154998000027
candu_natural,0.04,50.03275132225478
candu_natural,0.04,47.64751554976096
candu_natural,0.04,51.85080571995129
candu_natural,0.04,46.007494716117264
candu_natural,0.04,48.877606584033174
candu_natural,0.04,45.97349067583645
candu_natural,0.04,50.50010259432107
candu_natural,0.04,51.2259127042423
candu_natural,0.08,67.54799376568053
candu_natural,0.08,73.67279450238199
candu_natural,0.08,66.5637615180176
candu_natural,0.08,76.40750592299351
candu_natural,0.08,61.93221098724718
candu_natural,0.08,73.16142665340853
candu_natural,0.08,71.25901326737625
candu_natural,0.08,76.03870957935642
candu_natural,0.08,64.74176423057796
candu_natural,0.08,66.09801901049727
candu_natural,0.08,67.36167175637664
candu_natural,0.08,74.89381937364203
candu_natural,0.08,67.61162674616256
candu_natural,0.08,71.34436235906082
candu_natural,0.08,67.01278885203749
candu_natural,0.08,75.70591754780855
candu_natural,0.08,76.49619557880771
candu_natural,0.08,68.35358782662853
candu_natural,0.08,72.87744232314357
candu_natural,0.08,71.58458915084148
candu_natural,0.08,72.84877503732922
candu_natural,0.08,71.12629026523956
candu_natural,0.08,62.87206636729151
candu_natural,0.08,67.05609763256182
candu_natural,0.08,70.57383233036616
candu_natural,0.08,74.50230607437555
candu_natural,0.08,65.71834886824836
candu_natural,0.08,66.94036972929267
candu_natural,0.08,66.68182020135731
candu_natural,0.08,77.54926170168683
candu_natural,0.08,73.29540034226636
candu_natural,0.08,73.43855109657511
candu_natural,0.08,70.814567214043
candu_natural,0.08,70.60119834480034
candu_natural,0.08,71.46984822765337
candu_natural,0.08,69.23797549516173
candu_natural,0.08,78.62322706508475
candu_natural,0.08,63.915375813080274
candu_natural,0.08,66.71026041052976
candu_natural,0.08,72.57830524541899
candu_natural,0.08,76.23075412955313
candu_natural,0.08,73.96132417298412
candu_natural,0.08,70.5630597024604
candu_natural,0.08,72.46538434464733
candu_natural,0.08,69.63469192101952
candu_natural,0.08,74.80309620572257
candu_natural,0.08,73.7285510870841
candu_natural,0.08,74.32923349961145
candu_natural,0.08,73.4136875648373
candu_natural,0.08,64.89052320658102
candu_natural,0.08,70.2090305082382
candu_natural,0.08,71.61880739857513
candu_natural,0.08,77.4619631844703
candu_natural,0.08,73.18634216838309
candu_natural,0.08,67.9913224307606
candu_natural,0.08,70.52399770865972
candu_natural,0.08,71.16481158405479
candu_natural,0.08,63.92913525975436
candu_natural,0.08,63.907239283298864
candu_natural,0.08,69.6885785568386
candu_natural,0.08,74.22428748535307
candu_natural,0.08,69.79253276471914
candu_natural,0.08,78.39603759575239
candu_natural,0.08,69.42937828369759
candu_natural,0.08,71.19910859479643
candu_natural,0.08,63.88727004084346
candu_natural,0.08,67.66372003435366
candu_natural,0.08,60.48123816522185
candu_natural,0.08,75.95775716684983
candu_natural,0.08,68.89563138280631
candu_natural,0.08,77.77444549614661
candu_natural,0.08,73.32266171319161
candu_natural,0.08,67.36328668119016
candu_natural,0.08,73.59419196117463
candu_natural,0.08,63.796525440533934
candu_natural,0.08,69.91399277884912
candu_natural,0.08,63.56632952782265
candu_natural,0.08,72.74425175584982
candu_natural,0.08,68.05556222328943
candu_natural,0.08,71.81161899071616
candu_natural,0.08,66.90894312518733
candu_natural,0.08,78.38606333029422
candu_natural,0.08,69.62500883474128
candu_natural,0.08,63.25730707052343
candu_natural,0.08,68.35452992892941
candu_natural,0.08,74.26730812948036
candu_natural,0.08,66.91158065402381
candu_natural,0.08,68.18453120452872
candu_natural,0.08,70.87827616025758
candu_natural,0.08,76.66507737442441
candu_natural,0.08,69.20908158656475
candu_natural,0.08,63.713496387486174
candu_natural,0.08,71.47959467829203
candu_natural,0.08,72.58377778654094
candu_natural,0.08,72.22105400689892
candu_natural,0.08,77.18565201449465
candu_natural,0.08,75.60765100408041
candu_natural,0.08,75.06987392681351
candu_natural,0.08,68.57842569760815
candu_natural,0.08,72.73977616729424
candu_natural,0.08,78.0933565502193
candu_natural,0.08,76.88789314198013
candu_natural,0.08,80.29535064582215
candu_natural,0.08,78.49666093533042
candu_natural,0.08,71.45366124145414
candu_natural,0.08,71.92256842688275
candu_natural,0.08,64.66236503061549
candu_natural,0.08,74.53235783453576
candu_natural,0.08,65.7914820228527
candu_natural,0.08,79.14870113630853
candu_natural,0.08,70.50385678340925
candu_natural,0.08,75.58590136129911
candu_natural,0.08,75.7238953693313
candu_natural,0.08,65.15341868477562
candu_natural,0.08,72.89447761825438
candu_natural,0.08,62.94011482219436
candu_natural,0.08,71.26303999454743
candu_natural,0.08,75.99922708221156
candu_natural,0.08,73.91356146862822
candu_natural,0.08,72.54671767027398
candu_natural,0.08,67.16571317529868
candu_natural,0.08,70.43661777803412
candu_natural,0.08,69.87602248493444
candu_natural,0.08,73.5038883714303
candu_natural,0.08,70.90116356273744
candu_natural,0.08,64.48084383279094
candu_natural,0.08,66.53158720492284
candu_natural,0.08,66.08048781721835
candu_natural,0.08,64.16439275642279
candu_natural,0.08,65.40445684522386
candu_natural,0.08,75.02645622515213
candu_natural,0.08,74.96284396628919
candu_natural,0.08,64.83883499034835
candu_natural,0.08,64.89944319970071
candu_natural,0.08,75.63957539640352
candu_natural,0.08,73.90021236943053
candu_natural,0.08,74.58337045981281
candu_natural,0.08,70.6776974325133
candu_natural,0.08,63.682451004630906
candu_natural,0.08,70.44920913698749
candu_natural,0.08,75.32641890857583
candu_natural,0.08,66.55582273405939
candu_natural,0.08,71.73585652845333
candu_natural,0.08,69.67920854277557
candu_natural,0.08,67.76511403356203
candu_natural,0.08,68.587799521802
candu_natural,0.08,70.02233478710674
candu_natural,0.08,70.10501407383397
candu_natural,0.08,71.91321923727712
candu_natural,0.08,68.8552531104035
candu_natural,0.08,65.13994719462055
candu_natural,0.08,68.8464637021834
candu_natural,0.08,74.43223761652983
candu_natural,0.08,73.96044381605114
candu_natural,0.08,70.98176856917966
candu_natural,0.08,67.79263384369604
candu_natural,0.08,69.77971093481094
candu_natural,0.08,72.30071824606459
candu_natural,0.08,71.36053778657737
candu_natural,0.08,69.48670663554789
candu_natural,0.08,72.4778637234826
candu_natural,0.08,67.69707397454152
candu_natural,0.08,78.95822719100046
candu_natural,0.08,73.27209109606355
candu_natural,0.08,75.89381555832959
candu_natural,0.08,66.45870190903923
candu_natural,0.08,61.42631111044952
candu_natural,0.08,66.16064804757193
candu_natural,0.08,69.95511978432305
candu_natural,0.08,72.29183739373755
candu_natural,0.08,79.78835670307679
candu_natural,0.08,76.98413889335936
candu_natural,0.08,69.8938898154265
candu_natural,0.08,71.62493656161138
candu_natural,0.08,69.40632429667643
candu_natural,0.08,63.181455976557
candu_natural,0.08,68.66912514364877
candu_natural,0.08,74.29342160246621
candu_natural,0.08,73.52545775474967
candu_natural,0.08,71.62698387691381
candu_natural,0.08,78.9697321403993
candu_natural,0.08,61.26079766791634
candu_natural,0.08,72.30029101785206
candu_natural,0.08,61.33901772522422
candu_natural,0.08,75.68557522073351
candu_natural,0.08,74.2071854844307
candu_natural,0.08,65.31495394905768
candu_natural,0.08,72.1422206415637
candu_natural,0.08,63.32935227891886
candu_natural,0.08,66.41704479984158
candu_natural,0.08,64.53791046042694
candu_natural,0.08,65.52514099020028
candu_natural,0.08,69.75584095438361
candu_natural,0.08,69.03765079398163
candu_natural,0.08,68.13308922407657
candu_natural,0.08,60.525623532529565
candu_natural,0.08,70.23449468847221
candu_natural,0.08,65.97374930252833
candu_natural,0.08,63.50408366458725
candu_natural,0.08,66.26692800380985
candu_natural,0.08,71.34441274934603
candu_natural,0.08,69.30985044153483
candu_natural,0.08,74.06214864222778
candu_natural,0.08,64.7026303979964
candu_natural,0.08,73.7759947667903
candu_natural,0.08,69.8639612415454
candu_natural,0.08,71.31067941302469
candu_natural,0.08,66.95327530714934
candu_natural,0.08,62.28982769095984
candu_natural,0.08,67.3893367062768
candu_natural,0.08,66.11846614379328
candu_natural,0.08,66.63599080751031
candu_natural,0.08,67.45338294215757
candu_natural,0.08,66.25676891955985
candu_natural,0.08,64.82414657493645
candu_natural,0.08,73.01926196660763
candu_natural,0.08,68.03908141214954
candu_natural,0.08,63.98145151824578
candu_natural,0.08,66.07480875850416
candu_natural,0.08,75.04844972378548
candu_natural,0.08,72.07463390519862
candu_natural,0.08,74.02773158829382
candu_natural,0.08,68.27890629041384
candu_natural,0.08,68.10137202561103
candu_natural,0.08,60.95850556698997
candu_natural,0.08,75.06547619684078
candu_natural,0.08,69.84529713708011
candu_natural,0.08,72.98680788138209
candu_natural,0.08,63.51860369511464
candu_natural,0.08,74.16467389493464
candu_natural,0.08,70.25623982075057
candu_natural,0.08,72.47858606949599
candu_natural,0.08,77.75659527457583
candu_natural,0.08,70.7970325598655
candu_natural,0.08,69.14322873743976
candu_natural,0.08,66.6794709675319
candu_natural,0.08,70.9204036902985
candu_natural,0.08,67.18269982239994
candu_natural,0.08,66.85820704402944
candu_natural,0.08,68.57931210388588
candu_natural,0.08,68.07432643093372
candu_natural,0.08,71.67024448399555
candu_natural,0.08,68.844456393949
candu_natural,0.08,74.71488886451078
candu_natural,0.08,69.72960270672954
candu_natural,0.08,72.79041242058949
candu_natural,0.08,73.65609394501745
candu_natural,0.08,66.19423156697606
candu_natural,0.08,75.44289004221379
candu_natural,0.08,76.12205664582413
candu_natural,0.08,65.79882929421439
candu_natural,0.08,63.39162632196728
candu_natural,0.08,70.49607852577486
candu_natural,0.08,67.5804303690383
candu_natural,0.08,68.84915806645222
candu_natural,0.08,69.36149470484189
candu_natural,0.08,66.66284828974396
candu_natural,0.08,68.1765820389199
candu_natural,0.08,68.59858957976432
candu_natural,0.08,73.54564424644194
candu_natural,0.08,72.40404464743031
candu_natural,0.08,77.47774516115392
candu_natural,0.08,73.59627370261235
candu_natural,0.08,65.51309310164032
candu_natural,0.08,69.22303136566056
candu_natural,0.08,67.80573458178858
candu_natural,0.08,67.97718672672735
candu_natural,0.08,70.91336842117865
candu_natural,0.08,71.10070822933345
candu_natural,0.08,74.91846292747917
candu_natural,0.08,68.55882837959285
candu_natural,0.08,74.62358837602946
candu_natural,0.08,72.21847533576315
candu_natural,0.08,63.66905638419478
candu_natural,0.08,65.50329335067015
candu_natural,0.08,69.26289561430312
candu_natural,0.08,77.81464984888527
candu_natural,0.08,71.98085319603341
candu_natural,0.08,72.61107336984708
candu_natural,0.08,61.579191132260334
candu_natural,0.08,72.29676199242469
candu_natural,0.08,72.5123293299208
candu_natural,0.08,71.8783124842813
candu_natural,0.08,68.44854666302244
candu_natural,0.08,64.95009185041533
candu_natural,0.08,67.15720668867161
candu_natural,0.08,74.93774841378826
candu_natural,0.08,71.4174618262174
candu_natural,0.08,70.53386706146335
candu_natural,0.08,71.84456455334168
candu_natural,0.08,69.80320910856837
candu_natural,0.08,64.54951120414138
candu_natural,0.08,70.91371433932454
candu_natural,0.08,62.70086827718589
candu_natural,0.08,72.28351756804926
candu_natural,0.08,68.70397930573839
candu_natural,0.08,75.40873007544539
candu_natural,0.08,76.87334042524635
candu_natural,0.08,75.63514965063825
candu_natural,0.08,68.40682266514949
candu_natural,0.08,69.31362142333255
candu_natural,0.08,66.4148601910613
candu_natural,0.08,61.87555635980194
candu_natural,0.08,68.26959024731492
candu_natural,0.08,78.62498655063139
candu_natural,0.08,67.54165551331752
candu_natural,0.08,63.37085369181822
candu_natural,0.08,71.57740702197151
candu_natural,0.08,69.79254076888837
candu_natural,0.08,70.61684750425191
candu_natural,0.08,67.29311254634173
candu_natural,0.08,67.96705179580067
candu_natural,0.08,74.82763372913836
candu_natural,0.08,74.68305078625079
candu_natural,0.08,71.61827340214498
candu_natural,0.08,74.30591208824788
candu_natural,0.08,73.7104926454283
candu_natural,0.08,65.40136852669512
candu_natural,0.08,71.94945091289519
candu_natural,0.08,64.26452693982681
candu_natural,0.08,72.94949251028214
candu_natural,0.08,69.02405633209851
candu_natural,0.08,66.03020691548278
candu_natural,0.08,70.60705681593167
candu_natural,0.08,67.94946943825147
candu_natural,0.08,70.42403580175316
candu_natural,0.08,77.73973200017191
candu_natural,0.08,71.2623931187071
candu_natural,0.08,73.92554446223997
candu_natural,0.08,71.90318252069805
candu_natural,0.08,60.35623870109815
candu_natural,0.08,76.93079000443404
candu_natural,0.08,64.60648535661842
candu_natural,0.08,73.7920766816846
candu_natural,0.08,61.748266431629176
candu_natural,0.08,67.44450688323356
candu_natural,0.08,72.42574872387443
candu_natural,0.08,70.59979391097019
candu_natural,0.08,72.00363066073417
candu_natural,0.08,69.36257199076914
candu_natural,0.08,72.46727986329991
candu_natural,0.08,74.86097904429613
candu_natural,0.08,72.07006745024525
candu_natural,0.08,63.17306982397029
candu_natural,0.08,69.70831976119244
candu_natural,0.08,72.86449496376325
candu_natural,0.08,70.9361408249224
candu_natural,0.08,69.39277809828333
candu_natural,0.08,72.04846579733372
candu_natural,0.08,67.35878065271658
candu_natural,0.08,72.706958509137
candu_natural,0.08,75.15029534017012
candu_natural,0.08,72.39637994986926
candu_natural,0.08,75.23177416138012
candu_natural,0.08,69.86148991007998
candu_natural,0.08,68.74969633916993
candu_natural,0.08,64.62076248408053
candu_natural,0.08,69.29882295541356
candu_natural,0.08,78.38758831312167
candu_natural,0.08,73.17519724874289
candu_natural,0.08,71.92768676005133
candu_natural,0.08,69.37582412437143
candu_natural,0.08,72.25588579011874
candu_natural,0.08,68.19578753457088
candu_natural,0.08,68.4983232791362
candu_natural,0.08,69.70125296770878
candu_natural,0.08,66.75299817240605
candu_natural,0.08,64.64162436511823
candu_natural,0.08,71.04870461868974
candu_natural,0.08,71.43360368860394
candu_natural,0.08,73.57641501812157
candu_natural,0.08,71.2553002618853
candu_natural,0.08,70.71453844403983
candu_natural,0.08,79.17099251202832
candu_natural,0.08,72.49726395913595
candu_natural,0.08,75.78730050679034
candu_natural,0.08,78.76677611202123
candu_natural,0.08,76.49350020318188
candu_natural,0.08,74.53745216232267
candu_natural,0.08,74.20991856435225
candu_natural,0.08,75.65317857493689
candu_natural,0.08,71.22012593684856
candu_natural,0.08,73.65989962185908
candu_natural,0.08,66.10628305478812
candu_natural,0.08,74.4898302247257
candu_natural,0.08,65.22370478643545
candu_natural,0.08,76.99399851553966
candu_natural,0.08,71.67633970146132
candu_natural,0.08,66.89589991003356
candu_natural,0.08,68.43066799104909
candu_natural,0.08,70.0420137361826
candu_natural,0.08,76.78228945498196
candu_natural,0.08,71.35421654940994
candu_natural,0.08,65.90787267535976
candu_natural,0.08,68.45321374020322
candu_natural,0.08,73.60430729326504
candu_natural,0.08,71.57376535003789
candu_natural,0.08,75.65481805091366
candu_natural,0.08,67.98113335727446
candu_natural,0.08,68.02112753796581
candu_natural,0.08,75.85295932198507
candu_natural,0.08,73.47751256619878
candu_natural,0.08,64.47664354095043
candu_natural,0.08,69.44434868294549
candu_natural,0.08,77.16079780657529
candu_natural,0.08,75.42677490177147
candu_natural,0.08,73.59174889703927
candu_natural,0.08,69.44843891407898
candu_natural,0.08,69.83963341493782
candu_natural,0.08,69.365304361034
candu_natural,0.08,68.17969625833396
candu_natural,0.08,66.21787881728467
candu_natural,0.08,69.78823091401843
candu_natural,0.08,64.21119946414912
candu_natural,0.08,75.04455305254278
candu_natural,0.08,64.3038665802494
candu_natural,0.08,66.03842540734995
candu_natural,0.08,71.52884358358531
candu_natural,0.08,72.55629026795005
candu_natural,0.08,67.65605217089364
candu_natural,0.08,65.70526213523588
candu_natural,0.08,71.32915536720728
candu_natural,0.08,69.39348753360834
candu_natural,0.08,70.06049105710173
candu_natural,0.08,78.57754471964556
candu_natural,0.08,71.5064086764122
candu_natural,0.08,74.32902734000386
candu_natural,0.08,74.05647605047795
candu_natural,0.08,67.20351309463412
candu_natural,0.08,70.61154363593006
candu_natural,0.08,72.45837841034111
candu_natural,0.08,74.67425855696098
candu_natural,0.08,72.69827235059373
candu_natural,0.08,67.05316231420007
candu_natural,0.08,62.2039311382318
candu_natural,0.08,69.3510353601644
candu_natural,0.08,75.44332476840968
candu_natural,0.08,72.61338680399209
candu_natural,0.08,64.99851952078636
candu_natural,0.08,70.35411555468914
candu_natural,0.08,77.96025537011415
candu_natural,0.08,74.60370764715441
candu_natural,0.08,73.02012630346853
candu_natural,0.08,69.34292431316483
candu_natural,0.08,67.50774213728886
candu_natural,0.08,68.68014142886207
candu_natural,0.08,65.07714847745989
candu_natural,0.08,72.51571368783723
candu_natural,0.08,71.16940697955597
candu_natural,0.08,73.24345307601544
candu_natural,0.08,66.74995907492067
candu_natural,0.08,73.50555409835967
candu_natural,0.08,69.35000255464801
candu_natural,0.08,73.25071959733629
candu_natural,0.08,74.86414187221874
candu_natural,0.08,69.63977804452104
candu_natural,0.08,65.6278369542617
candu_natural,0.08,68.57620349781418
candu_natural,0.08,65.93944027427526
candu_natural,0.08,66.76606718696544
candu_natural,0.08,74.74065248359678
candu_natural,0.08,65.94786121175642
candu_natural,0.08,66.58232105211333
candu_natural,0.08,74.86791565623093
candu_natural,0.08,79.37335954919945
candu_natural,0.08,68.33416252568499
candu_natural,0.08,72.54718241820613
candu_natural,0.08,71.39871320992495
candu_natural,0.08,64.07000823681072
candu_natural,0.08,78.54517861411169
candu_natural,0.08,72.39283089825551
candu_natural,0.08,70.77134673666143
candu_natural,0.08,63.420831918512555
candu_natural,0.08,65.07998861813662
candu_natural,0.08,72.83230189365062
candu_natural,0.08,71.76682283829156
candu_natural,0.08,69.81419999311501
candu_natural,0.08,76.3349491761368
candu_natural,0.08,69.12878834104191
candu_natural,0.08,70.39431939920512
candu_natural,0.08,74.82631788980649
candu_natural,0.08,78.64148174575418
candu_natural,0.08,68.31105788331436
candu_natural,0.08,75.43268509912603
candu_natural,0.08,70.80052441818505
candu_natural,0.08,71.07089353673848
candu_natural,0.08,75.19387259332832
candu_natural,0.08,72.94714097174055
candu_natural,0.08,69.23448606277435
candu_natural,0.08,72.7800702850308
candu_natural,0.08,71.64294134604975
candu_natural,0.08,76.81247946011615
candu_natural,0.08,70.27450592149209
candu_natural,0.08,76.08496470628349
candu_natural,0.08,63.07766343147784
candu_natural,0.08,69.5180470582529
candu_natural,0.08,65.88037427433181
candu_natural,0.08,69.10815255323952
candu_natural,0.08,73.20099098904218
candu_natural,0.08,73.2310881186531
candu_natural,0.08,73.12770500691171
candu_natural,0.08,70.11963010227171
candu_natural,0.08,71.17751160238853
candu_natural,0.08,68.98540617187193
candu_natural,0.08,67.39232983194775
candu_natural,0.08,69.1500484530941
candu_natural,0.08,65.1631185207053
candu_natural,0.08,79.14570301543363
candu_natural,0.08,68.17348435245513
candu_natural,0.08,70.45415128766437
candu_natural,0.08,77.43915854556836
candu_natural,0.08,70.89740285840128
candu_natural,0.08,69.56635754598261
candu_natural,0.08,64.29910255722726
candu_natural,0.08,68.63021743867897
candu_natural,0.08,63.03093884828995
candu_natural,0.08,69.47101091757831
candu_natural,0.08,72.61821319063908
candu_natural,0.08,75.03675438637083
candu_natural,0.08,73.41871897015412
candu_natural,0.08,67.4008614714652
candu_natural,0.08,70.90696223510118
candu_natural,0.08,77.76506105929545
candu_natural,0.08,72.2369558426946
candu_natural,0.08,65.41520620164975
candu_natural,0.08,73.98609158016963
candu_natural,0.08,75.94281466115291
candu_natural,0.08,63.560854156601835
candu_natural,0.08,71.95081045708793
candu_natural,0.08,67.86905611479398
candu_natural,0.08,65.31269398095439
candu_natural,0.08,72.0019427846224
candu_natural,0.08,61.56485435415259
candu_natural,0.08,74.82051366285184
candu_natural,0.08,75.54364682872912
candu_natural,0.08,72.41704145603111
candu_natural,0.08,66.62026270684237
candu_natural,0.08,74.54948790153597
candu_natural,0.08,68.22753267212835
candu_natural,0.08,67.04169280783366
candu_natural,0.08,65.04307985816868
candu_natural,0.08,72.21295498706337
candu_natural,0.08,66.23166912751273
candu_natural,0.08,67.63621596268919
candu_natural,0.08,70.32296374787765
candu_natural,0.08,70.19792009372553
candu_natural,0.08,71.30492773126797
candu_natural,0.08,75.9087386492472
candu_natural,0.08,71.77868517771817
candu_natural,0.08,64.42555392591895
candu_natural,0.08,75.13346624897454
candu_natural,0.08,68.39046746005295
candu_natural,0.08,74.30279630741846
candu_natural,0.08,69.44876943969109
candu_natural,0.08,61.43291470564095
candu_natural,0.08,75.94224708076037
candu_natural,0.08,64.45725990958142
candu_natural,0.08,69.93134653665443
candu_natural,0.08,62.70443136084281
candu_natural,0.08,70.87484451447718
candu_natural,0.08,73.80105433376866
candu_natural,0.08,77.6264455610776
candu_natural,0.08,61.92716280834868
candu_natural,0.08,78.61810765960077
candu_natural,0.08,71.26763079113377
candu_natural,0.08,63.69386479652012
candu_natural,0.08,75.42596090046153
candu_natural,0.08,71.53107659835877
candu_natural,0.08,68.92597988123306
candu_natural,0.08,68.49087243752926
candu_natural,0.08,77.09425630114602
candu_natural,0.08,67.26153096684274
candu_natural,0.08,71.6909292876041
candu_natural,0.08,69.50566290539851
candu_natural,0.08,68.6698654696529
candu_natural,0.08,62.4550593187772
candu_natural,0.08,66.33074091313725
candu_natural,0.08,73.44767211411815
candu_natural,0.08,76.38268076460402
candu_natural,0.08,67.93891595802164
candu_natural,0.08,73.1234870229072
candu_natural,0.08,71.14216616785238
candu_natural,0.08,67.82737883581486
candu_natural,0.08,74.07320641652123
candu_natural,0.08,70.41853557955407
candu_natural,0.08,69.15486664879002
candu_natural,0.08,67.29515230848398
candu_natural,0.08,66.51508581777016
candu_natural,0.08,71.728501959132
candu_natural,0.08,66.39007045079671
candu_natural,0.08,66.64574547103358
candu_natural,0.08,71.01487714235827
candu_natural,0.08,72.74576768538849
candu_natural,0.08,63.96811983871081
candu_natural,0.08,74.3985663641473
candu_natural,0.08,69.08043239626367
candu_natural,0.08,67.26561488999609
candu_natural,0.08,65.44313070526792
candu_natural,0.08,71.35539753877872
candu_natural,0.08,64.90632193259131
candu_natural,0.08,62.34552633740322
candu_natural,0.08,76.50838064625448
candu_natural,0.08,61.621563815956414
candu_natural,0.08,70.61095145055687
candu_natural,0.08,66.1749288441894
candu_natural,0.08,70.38864457600432
candu_natural,0.08,70.39913344316147
candu_natural,0.08,76.48261044329077
candu_natural,0.08,73.24905842663024
candu_natural,0.08,63.01390848973579
candu_natural,0.08,67.51428685509963
candu_natural,0.08,70.85180604631154
candu_natural,0.08,64.3924673572365
candu_natural,0.08,67.02357676673573
candu_natural,0.08,67.12601340475274
candu_natural,0.08,65.00012790013893
candu_natural,0.08,76.78579290690732
candu_natural,0.08,70.67626695291426
candu_natural,0.08,65.77620475669238
candu_natural,0.08,72.69456830634498
candu_natural,0.08,71.43038851367531
candu_natural,0.08,73.9858828348147
candu_natural,0.08,77.42136956295467
candu_natural,0.08,67.43796205308202
candu_natural,0.08,73.25654238178515
candu_natural,0.08,66.09456914140779
candu_natural,0.08,66.62285530630052
candu_natural,0.08,67.71037617325716
candu_natural,0.08,67.98941511448808
candu_natural,0.08,76.88827155229009
candu_natural,0.08,70.5601490363566
candu_natural,0.08,68.7574285720162
candu_natural,0.08,79.2759438968362
candu_natural,0.08,72.64365846575097
candu_natural,0.08,78.55270702939424
candu_natural,0.08,71.39491328273796
candu_natural,0.08,65.68880786794595
candu_natural,0.08,66.70249062233094
candu_natural,0.08,67.12817504189479
candu_natural,0.08,70.0822071596278
candu_natural,0.08,67.47902578609256
candu_natural,0.08,78.7455707783273
candu_natural,0.08,60.883488829277496
candu_natural,0.08,69.73635984032215
candu_natural,0.08,69.22321246867332
candu_natural,0.08,67.4332906022868
candu_natural,0.08,67.21639356648942
candu_natural,0.08,71.23260950246589
candu_natural,0.08,71.59206064823871
candu_natural,0.08,78.64344119685558
candu_natural,0.08,70.62199655728533
candu_natural,0.08,71.81812576414711
candu_natural,0.08,63.03342763576331
candu_natural,0.08,69.34854233362402
candu_natural,0.08,63.30368485712118
candu_natural,0.08,70.13754126959877
candu_natural,0.08,74.6760296311232
candu_natural,0.08,65.96343251031587
candu_natural,0.08,67.51920611506219
candu_natural,0.08,74.21630747363811
candu_natural,0.08,70.97262161448478
candu_natural,0.08,70.68970107548455
candu_natural,0.08,63.937766039442565
candu_natural,0.08,73.1104957963205
candu_natural,0.08,77.55593441159175
candu_natural,0.08,75.42254123253126
candu_natural,0.08,72.75020932645526
candu_natural,0.08,64.62793537448276
candu_natural,0.08,71.34739164799531
candu_natural,0.08,71.16159616933649
candu_natural,0.08,71.85577452411461
candu_natural,0.08,64.44976197740633
candu_natural,0.08,71.97522179074562
candu_natural,0.08,69.05838222065069
candu_natural,0.08,68.20553184861177
candu_natural,0.08,60.36384830293785
candu_natural,0.08,74.8602136981962
candu_natural,0.08,69.58863748028058
candu_natural,0.08,72.38137775867092
candu_natural,0.08,64.34174362556377
candu_natural,0.08,64.24285830828082
candu_natural,0.08,71.38198154573683
candu_natural,0.08,68.16695090663276
candu_natural,0.08,75.04101184423173
candu_natural,0.08,72.94170861917652
candu_natural,0.08,67.45988790128006
candu_natural,0.08,69.15619130900542
candu_natural,0.08,64.3163112843634
candu_natural,0.08,75.19786624709062
candu_natural,0.08,67.41360483999169
candu_natural,0.08,72.2477375768496
candu_natural,0.08,68.75445865096538
candu_natural,0.08,70.6430468985344
candu_natural,0.08,62.48546491645196
candu_natural,0.08,72.54252065307843
candu_natural,0.08,63.254894489358605
candu_natural,0.08,65.83326171554538
candu_natural,0.08,68.22275507934685
candu_natural,0.08,73.77154250785134
candu_natural,0.08,74.59728857296611
candu_natural,0.08,67.41921997891862
candu_natural,0.08,70.36244560515094
candu_natural,0.08,72.18546729397127
candu_natural,0.08,69.38722084954033
candu_natural,0.08,76.27727020854877
candu_natural,0.08,77.72717030054969
candu_natural,0.08,67.05541073565944
candu_natural,0.08,70.2715364665997
candu_natural,0.08,71.72611996055562
candu_natural,0.08,72.20050258634586
candu_natural,0.08,65.1589887382185
candu_natural,0.08,74.63438641700452
candu_natural,0.08,73.91091142564021
candu_natural,0.08,62.604795090520255
candu_natural,0.08,76.95539853184833
candu_natural,0.08,71.87154545396358
candu_natural,0.08,74.29655700114805
candu_natural,0.08,68.90659968943143
candu_natural,0.08,69.05827616570143
candu_natural,0.08,74.83624454081284
candu_natural,0.08,75.1539247515784
candu_natural,0.08,75.71901681761501
candu_natural,0.08,66.84784205652282
candu_natural,0.08,63.20947290158316
candu_natural,0.08,72.90366861464634
candu_natural,0.08,69.5015777690112
candu_natural,0.08,66.75790769028585
candu_natural,0.08,76.56543102689737
candu_natural,0.08,74.4528256676361
candu_natural,0.08,70.86515884070322
candu_natural,0.08,71.41460311479366
candu_natural,0.08,69.61211515647247
candu_natural,0.08,64.44394575511599
candu_natural,0.08,66.06022422617484
candu_natural,0.08,69.70449822727731
candu_natural,0.08,74.13688821223101
candu_natural,0.08,66.94811738893226
candu_natural,0.08,73.33682359867804
candu_natural,0.08,76.7739250873701
candu_natural,0.08,75.07707555768938
candu_natural,0.08,72.37551832253745
candu_natural,0.08,73.65068822388791
candu_natural,0.08,65.14892230904353
candu_natural,0.08,76.62479982337015
candu_natural,0.08,67.25218126146794
candu_natural,0.08,70.41000538857755
candu_natural,0.08,73.63004983671851
candu_natural,0.08,70.20473613963918
candu_natural,0.08,76.30759454744727
candu_natural,0.08,67.66318095053255
candu_natural,0.08,68.71722197771606
candu_natural,0.08,72.2665508724692
candu_natural,0.08,74.1875362545025
candu_natural,0.08,75.7965181652829
candu_natural,0.08,77.04633714416353
candu_natural,0.08,71.85579632242579
candu_natural,0.08,69.01262353100215
candu_natural,0.08,67.5485565704724
candu_natural,0.08,67.74249801967582
candu_natural,0.08,74.67531169149596
candu_natural,0.08,62.05185551029151
candu_natural,0.08,75.84864029143199
candu_natural,0.08,71.63655913732592
candu_natural,0.08,66.21044541274416
candu_natural,0.08,69.51704058486537
candu_natural,0.08,76.34937141292437
candu_natural,0.08,72.69032177355874
candu_natural,0.08,66.61754221771513
candu_natural,0.08,62.0905819533649
candu_natural,0.08,69.20797276725969
candu_natural,0.08,75.33353255100972
candu_natural,0.08,65.06106613178446
candu_natural,0.08,77.84571191149494
candu_natural,0.08,70.20374443750431
candu_natural,0.08,75.70722319598991
candu_natural,0.08,71.3135570768271
candu_natural,0.08,70.04806487991954
candu_natural,0.08,61.696922314129715
candu_natural,0.08,77.49795310402018
candu_natural,0.08,68.89910502730378
candu_natural,0.08,74.82804988238614
candu_natural,0.08,66.92780306453534
candu_natural,0.08,69.67619319520354
candu_natural,0.08,66.6095847422775
candu_natural,0.08,65.24005774903752
candu_natural,0.08,76.42789002831229
candu_natural,0.08,66.40423322868035
candu_natural,0.08,71.15219359057771
candu_natural,0.08,74.28267196882794
candu_natural,0.08,72.66723060102181
candu_natural,0.08,70.96985813834006
candu_natural,0.08,69.62080028637669
candu_natural,0.08,71.9100049808607
candu_natural,0.08,71.04802313413282
candu_natural,0.08,66.385172588156
candu_natural,0.08,71.04057466835992
candu_natural,0.08,73.9075329073894
candu_natural,0.08,67.2437048904714
candu_natural,0.08,68.26896616974547
candu_natural,0.08,73.0604002831477
candu_natural,0.08,69.38562907956086
candu_natural,0.08,66.73388949773505
candu_natural,0.08,69.59587781628797
candu_natural,0.08,66.87008389762505
candu_natural,0.08,72.7469252201879
candu_natural,0.08,73.9355137525146
candu_natural,0.08,76.06105699871766
candu_natural,0.08,71.9940909758496
candu_natural,0.08,64.65580476129901
candu_natural,0.08,70.05903067337071
candu_natural,0.08,67.24984678757026
candu_natural,0.08,67.71878024078326
candu_natural,0.08,61.58928744736982
candu_natural,0.08,65.75420061775478
candu_natural,0.08,64.05958973470932
candu_natural,0.08,72.64528962491919
candu_natural,0.08,79.83655201994644
candu_natural,0.08,70.5013004483405
candu_natural,0.08,68.7150290946757
candu_natural,0.08,70.44520427615531
candu_natural,0.08,71.38879540067613
candu_natural,0.08,71.09212247931066
candu_natural,0.08,62.80663755476064
candu_natural,0.08,67.10926756162542
candu_natural,0.08,70.74707331122096
candu_natural,0.08,75.08650337714893
candu_natural,0.08,68.1779620954803
candu_natural,0.08,66.2147204585718
candu_natural,0.08,68.6704186431467
candu_natural,0.08,69.87428702423449
candu_natural,0.08,68.77320981338079
candu_natural,0.08,63.43434522831408
candu_natural,0.08,66.03099099330665
candu_natural,0.08,68.95312855607253
candu_natural,0.08,68.11702616083689
candu_natural,0.08,76.5015962572127
candu_natural,0.08,72.24441524321564
candu_natural,0.08,62.753997713013604
candu_natural,0.08,68.55994439188315
candu_natural,0.08,65.84651665698509
candu_natural,0.08,69.74656748202388
candu_natural,0.08,68.6210729320622
candu_natural,0.08,68.49486887979708
candu_natural,0.08,66.90502949272759
candu_natural,0.08,70.2571783222207
candu_natural,0.08,80.73156444494143
candu_natural,0.08,69.79152315368043
candu_natural,0.08,67.32577518605096
candu_natural,0.08,78.55049299596922
candu_natural,0.08,67.41933112941653
candu_natural,0.08,80.06054394259344
candu_natural,0.08,73.72783851852958
candu_natural,0.08,66.78779782407773
candu_natural,0.08,64.92150546502917
candu_natural,0.08,68.06164465368903
candu_natural,0.08,67.76070324837643
candu_natural,0.08,66.64720968645848
candu_natural,0.08,70.60612213760426
candu_natural,0.08,65.7889738210907
candu_natural,0.08,69.87097046193362
candu_natural,0.08,79.46248608370878
candu_natural,0.08,70.86519853238151
candu_natural,0.08,69.30713911720606
candu_natural,0.08,67.71855583377406
candu_natural,0.08,75.02060629254802
candu_natural,0.08,65.72334843531503
candu_natural,0.08,67.19555418595252
candu_natural,0.08,74.89835780961724
candu_natural,0.08,69.33969242937332
candu_natural,0.08,75.04042829294791
candu_natural,0.08,68.35721880413463
candu_natural,0.08,70.30083919011193
candu_natural,0.08,76.95609145488129
candu_natural,0.08,62.88208890832084
candu_natural,0.08,77.02085605987297
candu_natural,0.08,61.97320102376455
candu_natural,0.08,68.32536223224494
candu_natural,0.08,68.65605047130619
candu_natural,0.08,64.79036901241214
candu_natural,0.08,64.30272251715944
candu_natural,0.08,71.31807474954458
candu_natural,0.08,73.61705322694878
candu_natural,0.08,72.6894124574631
candu_natural,0.08,70.03363711073258
candu_natural,0.08,68.04234741103559
candu_natural,0.08,69.93011001345809
candu_natural,0.08,62.36353935899038
candu_natural,0.08,74.119502603558
candu_natural,0.08,74.32442646414621
candu_natural,0.08,76.83250300954579
candu_natural,0.08,71.08936784158438
candu_natural,0.08,68.44542398260263
candu_natural,0.08,64.90103013856391
candu_natural,0.08,65.41081515005047
candu_natural,0.08,76.99307369274163
candu_natural,0.08,68.20727991304923
candu_natural,0.08,69.84102567114543
candu_natural,0.08,77.40208182070988
candu_natural,0.08,70.16192889120923
candu_natural,0.08,71.89572092811467
candu_natural,0.08,63.97354122522288
candu_natural,0.08,76.37432192817327
candu_natural,0.08,77.50859020834316
candu_natural,0.08,69.92273199399995
candu_natural,0.08,64.85315195222154
candu_natural,0.08,71.58038869582317
candu_natural,0.08,66.13785909691144
candu_natural,0.08,66.67703354325056
candu_natural,0.08,70.8822733063102
candu_natural,0.08,66.16158075143974
candu_natural,0.08,72.69744293472469
candu_natural,0.08,79.59065119693831
candu_natural,0.08,74.85749075725636
candu_natural,0.08,76.20972371383125
candu_natural,0.08,76.29051389161087
candu_natural,0.08,68.96995725484273
candu_natural,0.08,72.39367298842383
candu_natural,0.08,70.65601313635729
candu_natural,0.08,65.10219619538995
candu_natural,0.08,72.53250719268898
candu_natural,0.08,76.26001372816908
candu_natural,0.08,68.08257994356406
candu_natural,0.08,65.87200501315563
candu_natural,0.08,64.12162996085108
candu_natural,0.08,65.19194681449129
candu_natural,0.08,67.77789457122003
candu_natural,0.08,73.5259221666438
candu_natural,0.08,66.99444190362242
candu_natural,0.08,70.85071496274945
candu_natural,0.08,70.42498896815054
candu_natural,0.08,69.49820418355547
candu_natural,0.08,61.68906929006482
candu_natural,0.08,69.10254090790691
candu_natural,0.08,73.03236445676625
candu_natural,0.08,70.91652193939748
candu_natural,0.08,69.11422038633029
candu_natural,0.08,69.25816446356718
candu_natural,0.08,66.36872433263181
candu_natural,0.08,70.47216246734759
candu_natural,0.08,63.72418913454656
candu_natural,0.08,72.20692518829112
candu_natural,0.08,74.24492427940673
candu_natural,0.08,70.85337661890357
candu_natural,0.08,76.94191255251008
candu_natural,0.08,67.39658314827793
candu_natural,0.08,64.28625714542888
candu_natural,0.08,79.80011018602066
candu_natural,0.08,71.08095501106708
candu_natural,0.08,65.13121129291942
candu_natural,0.08,68.36643164312159
candu_natural,0.08,67.35512245282744
candu_natural,0.08,69.60311583973062
candu_natural,0.08,73.52994203554783
candu_natural,0.08,66.82754194061955
candu_natural,0.08,72.82342326139769
candu_natural,0.08,75.80590227621751
candu_natural,0.08,70.95503193177109
candu_natural,0.08,63.8978474982478
candu_natural,0.08,66.93631938256404
candu_natural,0.08,77.04265745320268
candu_natural,0.08,69.92196101232392
candu_natural,0.08,70.71738255702869
candu_natural,0.08,68.56126615570375
candu_natural,0.08,71.44084688971792
candu_natural,0.08,70.50938824832251
candu_natural,0.08,71.95559364383347
candu_natural,0.08,69.07204277254156
candu_natural,0.08,62.94532995937339
candu_natural,0.08,74.15224813878557
candu_natural,0.08,76.51947082456866
candu_natural,0.08,73.59113882157628
candu_natural,0.08,71.23946066982991
candu_natural,0.08,66.55711904404497
candu_natural,0.08,75.02346480089247
candu_natural,0.08,77.80202310066427
candu_natural,0.08,74.7127006488702
candu_natural,0.08,75.75049222047238
candu_natural,0.08,70.53094100025085
candu_natural,0.08,66.35499247315575
candu_natural,0.08,73.26103944331587
candu_natural,0.08,62.596070759549185
candu_natural,0.08,63.98683430668631
candu_natural,0.08,72.94170406551525
candu_natural,0.08,73.42118287299115
candu_natural,0.08,67.48410607333743
candu_natural,0.08,74.09739433230452
candu_natural,0.08,70.74304209617594
candu_natural,0.08,70.58128520086709
candu_natural,0.08,68.91799501715528
candu_natural,0.08,76.67804023980239
candu_natural,0.08,64.51837155654324
candu_natural,0.08,61.93391442290762
candu_natural,0.08,74.60269971084774
candu_natural,0.08,71.32814971336362
candu_natural,0.08,77.83067083574029
candu_natural,0.08,68.13813776498301
candu_natural,0.08,72.83174943504005
candu_natural,0.08,67.89227564476357
candu_natural,0.08,76.31375536508884
candu_natural,0.08,76.55186921879422
candu_seu,0.04,44.1394799913884
candu_seu,0.04,47.58101486105766
candu_seu,0.04,43.49166955627704
candu_seu,0.04,49.10855444379577
candu_seu,0.04,41.04119813190883
candu_seu,0.04,47.24569244372748
candu_seu,0.04,46.17642807753823
candu_seu,0.04,48.749189386514225
candu_seu,0.04,42.56318114201419
candu_seu,0.04,43.40407592489333
candu_seu,0.04,43.917783091145395
candu_seu,0.04,48.255249126069096
candu_seu,0.04,44.09536779863539
candu_seu,0.04,46.302590541524616
candu_seu,0.04,44.03978968688619
candu_seu,0.04,48.724000887637885
candu_seu,0.04,48.99893085452091
candu_seu,0.04,44.68093851180891
candu_seu,0.04,47.15479417805152
candu_seu,0.04,46.50187672127412
candu_seu,0.04,46.93709268687148
candu_seu,0.04,46.002439810617346
candu_seu,0.04,41.84100596389914
candu_seu,0.04,43.88372189478515
candu_seu,0.04,45.95745624865935
candu_seu,0.04,47.835785759932946
candu_seu,0.04,43.259167416565525
candu_seu,0.04,44.02591543490363
candu_seu,0.04,43.59329979659539
candu_seu,0.04,49.71777088361852
candu_seu,0.04,47.420801385904866
candu_seu,0.04,47.49013271750342
candu_seu,0.04,46.01809267970293
candu_seu,0.04,45.79710766477203
candu_seu,0.04,46.491806187667265
candu_seu,0.04,45.04998957937449
candu_seu,0.04,50.29172063989994
candu_seu,0.04,42.172182560990166
candu_seu,0.04,43.880602310148205
candu_seu,0.04,46.96954908726938
candu_seu,0.04,49.00475629890023
candu_seu,0.04,47.61866863714889
candu_seu,0.04,45.93235444158497
candu_seu,0.04,46.84680233084507
candu_seu,0.04,45.30475304147144
candu_seu,0.04,48.31331355272443
candu_seu,0.04,47.55949969204245
candu_seu,0.04,47.69145249057749
candu_seu,0.04,47.37095838516589
candu_seu,0.04,42.842830887250926
candu_seu,0.04,45.68546321688858
candu_seu,0.04,46.4357445782903
candu_seu,0.04,49.503379152594356
candu_seu,0.04,47.202474121276225
candu_seu,0.04,44.342315671907436
candu_seu,0.04,45.97763452467491
candu_seu,0.04,46.081419025690124
candu_seu,0.04,42.19760607117082
candu_seu,0.04,42.19825090968
candu_seu,0.04,45.30617043602418
candu_seu,0.04,47.74999353832027
candu_seu,0.04,45.44353598222304
candu_seu,0.04,50.25415105628801
candu_seu,0.04,45.28896270164615
candu_seu,0.04,46.093064290435215
candu_seu,0.04,42.08309698552773
candu_seu,0.04,44.174681834341555
candu_seu,0.04,40.31581797065791
candu_seu,0.04,48.83407735088134
candu_seu,0.04,44.935916389871196
candu_seu,0.04,49.86759181931661
candu_seu,0.04,47.46636036375546
candu_seu,0.04,43.92234707277011
candu_seu,0.04,47.36868764865427
candu_seu,0.04,42.05321808917637
candu_seu,0.04,45.30118888154684
candu_seu,0.04,42.048367158469645
candu_seu,0.04,47.23631815150671
candu_seu,0.04,44.59246270960138
candu_seu,0.04,46.473656916086235
candu_seu,0.04,43.79285235485133
candu_seu,0.04,49.993719330717376
candu_seu,0.04,45.47099943895983
candu_seu,0.04,41.83636595749348
candu_seu,0.04,44.66842873720933
candu_seu,0.04,47.95311468284034
candu_seu,0.04,43.80991875077668
candu_seu,0.04,44.587923656463545
candu_seu,0.04,45.94888901748759
candu_seu,0.04,49.25985977682508
candu_seu,0.04,45.14738481670193
candu_seu,0.04,42.22207908022535
candu_seu,0.04,46.30638485084419
candu_seu,0.04,46.95863742018727
candu_seu,0.04,46.828090620218795
candu_seu,0.04,49.43809630059518
candu_seu,0.04,48.49457583236613
candu_seu,0.04,48.3558606425962
candu_seu,0.04,44.79712287393793
candu_seu,0.04,47.0297655797137
candu_seu,0.04,49.92164561334921
candu_seu,0.04,49.35157130269154
candu_seu,0.04,51.1776038748115
candu_seu,0.04,50.1465228644203
candu_seu,0.04,46.26891360843976
candu_seu,0.04,46.63883949627869
candu_seu,0.04,42.538666629649086
candu_seu,0.04,47.86406598999902
candu_seu,0.04,43.2297159728281
candu_seu,0.04,50.53486617116653
candu_seu,0.04,45.76450703359631
candu_seu,0.04,48.52121061489198
candu_seu,0.04,48.60955935963306
candu_seu,0.04,42.96469763669043
candu_seu,0.04,47.069259497001134
candu_seu,0.04,41.5706687863123
candu_seu,0.04,46.115253333296124
candu_seu,0.04,48.682068619093116
candu_seu,0.04,47.746994242055464
candu_seu,0.04,46.86044474591664
candu_seu,0.04,43.95502195088916
candu_seu,0.04,45.766107858030786
candu_seu,0.04,45.32829260054262
candu_seu,0.04,47.33817055163374
candu_seu,0.04,46.10459777517857
candu_seu,0.04,42.41781528515051
candu_seu,0.04,43.66800140603228
candu_seu,0.04,43.36899674237072
candu_seu,0.04,42.38727577648377
candu_seu,0.04,43.10552562536515
candu_seu,0.04,48.249087078768135
candu_seu,0.04,48.089782564053586
candu_seu,0.04,42.53806505728315
candu_seu,0.04,42.87723793122377
candu_seu,0.04,48.64890709935489
candu_seu,0.04,47.56967738513197
candu_seu,0.04,48.07254570485602
candu_seu,0.04,45.988328513355576
candu_seu,0.04,42.04766776047403
candu_seu,0.04,45.80227841618533
candu_seu,0.04,48.26102784895675
candu_seu,0.04,43.66006094237013
candu_seu,0.04,46.606748879905
candu_seu,0.04,45.42898235890055
candu_seu,0.04,44.23393576160176
candu_seu,0.04,44.607626381024936
candu_seu,0.04,45.487716427526976
candu_seu,0.04,45.47288561101962
candu_seu,0.04,46.589511061450466
candu_seu,0.04,44.75674640665686
candu_seu,0.04,42.830498711846
candu_seu,0.04,44.9014266992744
candu_seu,0.04,48.145143442071976
candu_seu,0.04,47.66416844718094
candu_seu,0.04,46.21793408333381
candu_seu,0.04,44.263696531895995
candu_seu,0.04,45.4152535156219
candu_seu,0.04,46.86351620615422
candu_seu,0.04,46.452401083282105
candu_seu,0.04,45.21679469290852
candu_seu,0.04,46.73536963980433
candu_seu,0.04,44.298044329373774
candu_seu,0.04,50.56394218175443
candu_seu,0.04,47.156902970156686
candu_seu,0.04,48.86277907342935
candu_seu,0.04,43.46193777729739
candu_seu,0.04,40.76527612248786
candu_seu,0.04,43.48704741308261
candu_seu,0.04,45.535326811204655
candu_seu,0.04,46.80698854298506
candu_seu,0.04,50.97958674170693
candu_seu,0.04,49.26715390645887
candu_seu,0.04,45.50478439420809
candu_seu,0.04,46.41728898988102
candu_seu,0.04,45.011569059076365
candu_seu,0.04,41.70944484603381
candu_seu,0.04,44.923254448867354
candu_seu,0.04,47.90109825980658
candu_seu,0.04,47.45789665604078
candu_seu,0.04,46.44460902509027
candu_seu,0.04,50.57658390364165
candu_seu,0.04,40.74095028648304
candu_seu,0.04,46.64664742001414
candu_seu,0.04,40.823584159384474
candu_seu,0.04,48.65103910727831
candu_seu,0.04,47.925314828813605
candu_seu,0.04,43.0199931381854
candu_seu,0.04,46.689542576939935
candu_seu,0.04,41.913106638723875
candu_seu,0.04,43.70888451787384
candu_seu,0.04,42.342216602602306
candu_seu,0.04,43.12563643029312
candu_seu,0.04,45.43696145849097
candu_seu,0.04,44.87435156077777
candu_seu,0.04,44.42705023859728
candu_seu,0.04,40.29417469562728
candu_seu,0.04,45.79064853029999
candu_seu,0.04,43.393799070502816
candu_seu,0.04,42.02647466948434
candu_seu,0.04,43.47569071572361
candu_seu,0.04,46.35971820916524
candu_seu,0.04,45.23043939586499
candu_seu,0.04,47.88070422313368
candu_seu,0.04,42.587982676754734
candu_seu,0.04,47.51523368916371
candu_seu,0.04,45.55485732583335
candu_seu,0.04,46.27381272837711
candu_seu,0.04,43.67790701704022
candu_seu,0.04,41.337470995193065
candu_seu,0.04,43.98428982953289
candu_seu,0.04,43.410705815638295
candu_seu,0.04,43.64179122703855
candu_seu,0.04,44.13130001315036
candu_seu,0.04,43.41239877462446
candu_seu,0.04,42.64683071024503
candu_seu,0.04,47.02207869330446
candu_seu,0.04,44.34800080116388
candu_seu,0.04,42.22877699963781
candu_seu,0.04,43.295613206645925
candu_seu,0.04,48.433523534408145
candu_seu,0.04,46.86082311871051
candu_seu,0.04,47.818318717139476
candu_seu,0.04,44.400405706373384
candu_seu,0.04,44.35100815314876
candu_seu,0.04,40.396450036531405
candu_seu,0.04,48.292666270890294
candu_seu,0.04,45.33365159829358
candu_seu,0.04,47.07038460818983
candu_seu,0.04,41.800254076677945
candu_seu,0.04,47.90969862385304
candu_seu,0.04,45.730909017094014
candu_seu,0.04,46.902676331763224
candu_seu,0.04,49.66835241628917
candu_seu,0.04,45.970524598040114
candu_seu,0.04,44.886699662853935
candu_seu,0.04,43.57909794104029
candu_seu,0.04,46.02178682671167
candu_seu,0.04,44.10951358126342
candu_seu,0.04,43.65349451120568
candu_seu,0.04,44.93238148852728
candu_seu,0.04,44.46998816257554
candu_seu,0.04,46.44424531537334
candu_seu,0.04,44.996781282064845
candu_seu,0.04,48.048793992672714
candu_seu,0.04,45.24336172936629
candu_seu,0.04,46.94636138214785
candu_seu,0.04,47.52008776666806
candu_seu,0.04,43.36853988692972
candu_seu,0.04,48.55468409026202
candu_seu,0.04,49.00186924694785
candu_seu,0.04,43.40048258300234
candu_seu,0.04,41.790649749806754
candu_seu,0.04,45.74754137853313
candu_seu,0.04,44.187859571577846
candu_seu,0.04,44.85790659360033
candu_seu,0.04,44.99461567515738
candu_seu,0.04,43.89404512217016
candu_seu,0.04,44.59286691413865
candu_seu,0.04,44.69489088371787
candu_seu,0.04,47.535392875243765
candu_seu,0.04,47.02866905630965
candu_seu,0.04,49.645159255532334
candu_seu,0.04,47.38997454794897
candu_seu,0.04,42.89509159304534
candu_seu,0.04,45.10076716970829
candu_seu,0.04,44.36807650132002
candu_seu,0.04,44.30727007376921
candu_seu,0.04,45.96393614498309
candu_seu,0.04,46.07913928394717
candu_seu,0.04,48.10856804480064
candu_seu,0.04,44.6596962067523
candu_seu,0.04,48.14359556401019
candu_seu,0.04,46.67085676395861
candu_seu,0.04,42.08822515521256
candu_seu,0.04,43.133435264006806
candu_seu,0.04,45.10492135361076
candu_seu,0.04,49.84628054015029
candu_seu,0.04,46.705121911260825
candu_seu,0.04,46.866141322190394
candu_seu,0.04,40.94669983198184
candu_seu,0.04,46.66005906827769
candu_seu,0.04,46.930313047230584
candu_seu,0.04,46.72154087286703
candu_seu,0.04,44.69773522958344
candu_seu,0.04,42.783092165187156
candu_seu,0.04,44.11183622387254
candu_seu,0.04,48.10595301875176
candu_seu,0.04,46.337279046191
candu_seu,0.04,45.886716074149085
candu_seu,0.04,46.56664109490312
candu_seu,0.04,45.327243994456566
candu_seu,0.04,42.48389873855987
candu_seu,0.04,46.030546642385666
candu_seu,0.04,41.6103460310096
candu_seu,0.04,46.63643865078622
candu_seu,0.04,44.86446709025851
candu_seu,0.04,48.42035751802097
candu_seu,0.04,49.29386814061498
candu_seu,0.04,48.67946142962056
candu_seu,0.04,44.61286092452324
candu_seu,0.04,45.19195511062329
candu_seu,0.04,43.57048728694711
candu_seu,0.04,41.10818228479611
candu_seu,0.04,44.570170864316914
candu_seu,0.04,50.25485833149294
candu_seu,0.04,44.30299018813156
candu_seu,0.04,41.783770428311854
candu_seu,0.04,46.29259024951448
candu_seu,0.04,45.38667635360203
candu_seu,0.04,45.86415509405499
candu_seu,0.04,44.060036682196674
candu_seu,0.04,44.449091901151284
candu_seu,0.04,48.11631858515615
candu_seu,0.04,48.0580477373946
candu_seu,0.04,46.49166954263937
candu_seu,0.04,47.98553743639862
candu_seu,0.04,47.569817906633595
candu_seu,0.04,43.025345123901666
candu_seu,0.04,46.40594969080594
candu_seu,0.04,42.345811678229865
candu_seu,0.04,47.16443753605604
candu_seu,0.04,44.87599743458059
candu_seu,0.04,43.192565403959925
candu_seu,0.04,45.981672379003086
candu_seu,0.04,44.42435335833327
candu_seu,0.04,45.82987426525703
candu_seu,0.04,49.95623005479876
candu_seu,0.04,46.18616853054974
candu_seu,0.04,47.56020094253795
candu_seu,0.04,46.51215368768545
candu_seu,0.04,40.18231242580769
candu_seu,0.04,49.15086041678306
candu_seu,0.04,42.6280293644814
candu_seu,0.04,47.58880874444639
candu_seu,0.04,41.08749443187944
candu_seu,0.04,44.06820058501519
candu_seu,0.04,46.969702010878514
candu_seu,0.04,45.83908733238459
candu_seu,0.04,46.59117328956457
candu_seu,0.04,45.14456062527459
candu_seu,0.04,46.824416754648176
candu_seu,0.04,48.16347691023878
candu_seu,0.04,46.66596546316899
candu_seu,0.04,41.75874350655888
candu_seu,0.04,45.34206982897881
candu_seu,0.04,47.16607146808552
candu_seu,0.04,45.953790358211904
candu_seu,0.04,45.20061413716084
candu_seu,0.04,46.76900009560278
candu_seu,0.04,44.05827546038419
candu_seu,0.04,46.97995571390951
candu_seu,0.04,48.40645920853356
candu_seu,0.04,46.92124019968145
candu_seu,0.04,48.311821744757516
candu_seu,0.04,45.31877631742861
candu_seu,0.04,44.827280696138615
candu_seu,0.04,42.59635814930742
candu_seu,0.04,45.101226515175945
candu_seu,0.04,50.24363773035966
candu_seu,0.04,47.26005211052181
candu_seu,0.04,46.70508636383794
candu_seu,0.04,45.30539196133755
candu_seu,0.04,46.82575866892538
candu_seu,0.04,44.4114660590705
candu_seu,0.04,44.79202617932359
candu_seu,0.04,45.48114435162582
candu_seu,0.04,43.76610129559601
candu_seu,0.04,42.72254066630981
candu_seu,0.04,46.18322724786347
candu_seu,0.04,46.31760233889903
candu_seu,0.04,47.58179872205849
candu_seu,0.04,46.23662101539726
candu_seu,0.04,45.948629355835045
candu_seu,0.04,50.4796225303293
candu_seu,0.04,46.92835745203341
candu_seu,0.04,48.75177771136921
candu_seu,0.04,50.30975693027426
candu_seu,0.04,49.072761427360014
candu_seu,0.04,48.11337959545167
candu_seu,0.04,47.746885089948435
candu_seu,0.04,48.74832671537137
candu_seu,0.04,46.17478472730771
candu_seu,0.04,47.49770804429621
candu_seu,0.04,43.47360918618799
candu_seu,0.04,47.85293550231219
candu_seu,0.04,42.92305590475853
candu_seu,0.04,49.35194625974529
candu_seu,0.04,46.50792373945149
candu_seu,0.04,43.78055941686163
candu_seu,0.04,44.648236557384955
candu_seu,0.04,45.635541566576954
candu_seu,0.04,49.17342010471143
candu_seu,0.04,46.22167279075046
candu_seu,0.04,43.29243940745962
candu_seu,0.04,44.65521301719989
candu_seu,0.04,47.47970493670374
candu_seu,0.04,46.31600591746503
candu_seu,0.04,48.665107657713776
candu_seu,0.04,44.521909210625985
candu_seu,0.04,44.41120873599699
candu_seu,0.04,48.667008509166195
candu_seu,0.04,47.43799832638844
candu_seu,0.04,42.44915782149578
candu_seu,0.04,45.20952437015732
candu_seu,0.04,49.34613989138891
candu_seu,0.04,48.601907840884024
candu_seu,0.04,47.485944574014106
candu_seu,0.04,45.226410483558205
candu_seu,0.04,45.441425135929535
candu_seu,0.04,45.1957826397657
candu_seu,0.04,44.500563887025706
candu_seu,0.04,43.48957181653582
candu_seu,0.04,45.51830165243069
candu_seu,0.04,42.47384695231177
candu_seu,0.04,48.12543661412036
candu_seu,0.04,42.552012381578365
candu_seu,0.04,43.206912588009274
candu_seu,0.04,46.328838768935675
candu_seu,0.04,46.85303865721788
candu_seu,0.04,44.24731984206007
candu_seu,0.04,43.21168333489971
candu_seu,0.04,46.26656383227658
candu_seu,0.04,45.06115101740998
candu_seu,0.04,45.50198592791299
candu_seu,0.04,50.229742422792086
candu_seu,0.04,46.30600893972153
candu_seu,0.04,47.87094010265629
candu_seu,0.04,47.80113997921008
candu_seu,0.04,43.84370689706628
candu_seu,0.04,45.68716348575882
candu_seu,0.04,46.93876114858355
candu_seu,0.04,48.123670161670525
candu_seu,0.04,46.833496457483896
candu_seu,0.04,43.87257797595983
candu_seu,0.04,41.232167676924114
candu_seu,0.04,45.18331610104979
candu_seu,0.04,48.48803778892086
candu_seu,0.04,46.9778003280786
candu_seu,0.04,42.75545834982123
candu_seu,0.04,45.75294232137751
candu_seu,0.04,49.74088358177094
candu_seu,0.04,48.063440564319826
candu_seu,0.04,47.30162175956168
candu_seu,0.04,45.24780616198325
candu_seu,0.04,44.161949722333
candu_seu,0.04,44.737853889361986
candu_seu,0.04,42.67556791249636
candu_seu,0.04,46.918253871182465
candu_seu,0.04,46.1981112173098
candu_seu,0.04,47.48140024182028
candu_seu,0.04,43.83325887681937
candu_seu,0.04,47.45677940901313
candu_seu,0.04,45.15638725166761
candu_seu,0.04,47.423913665707566
candu_seu,0.04,48.23062420794583
candu_seu,0.04,45.13110252871317
candu_seu,0.04,43.218896378500894
candu_seu,0.04,44.72406220875458
candu_seu,0.04,43.17269351255657
candu_seu,0.04,43.908841315342016
candu_seu,0.04,48.2347252954323
candu_seu,0.04,43.20628086637987
candu_seu,0.04,43.70836139407819
candu_seu,0.04,48.152709450676404
candu_seu,0.04,50.692231631145546
candu_seu,0.04,44.55605639288404
candu_seu,0.04,46.79601293180501
candu_seu,0.04,46.43584885215573
candu_seu,0.04,42.26924736309786
candu_seu,0.04,50.06522913328557
candu_seu,0.04,46.87804864355847
candu_seu,0.04,45.89429215174755
candu_seu,0.04,42.02344759614692
candu_seu,0.04,42.730563380998774
candu_seu,0.04,47.07463070804408
candu_seu,0.04,46.48061027391635
candu_seu,0.04,45.57306021753806
candu_seu,0.04,49.000567458369375
candu_seu,0.04,45.04247854992956
candu_seu,0.04,45.65786140819677
candu_seu,0.04,48.31374672656738
candu_seu,0.04,50.29053615892432
candu_seu,0.04,44.616286135906265
candu_seu,0.04,48.39009841421496
candu_seu,0.04,45.98633992106692
candu_seu,0.04,46.07436791119204
candu_seu,0.04,48.27671618146219
candu_seu,0.04,47.04710932797145
candu_seu,0.04,45.159546651908755
candu_seu,0.04,47.0626786417881
candu_seu,0.04,46.34167693493876
candu_seu,0.04,49.24239094016879
candu_seu,0.04,45.81490726890359
candu_seu,0.04,48.82998077704871
candu_seu,0.04,41.68333907141553
candu_seu,0.04,45.33569918923012
candu_seu,0.04,43.27616005164793
candu_seu,0.04,45.09345177512383
candu_seu,0.04,47.1628030464391
candu_seu,0.04,47.36640220534664
candu_seu,0.04,47.27915069976524
candu_seu,0.04,45.76857469513854
candu_seu,0.04,46.05763154725389
candu_seu,0.04,44.864189748630395
candu_seu,0.04,44.06342371004534
candu_seu,0.04,44.91204237769256
candu_seu,0.04,42.905476157289435
candu_seu,0.04,50.56901154850711
candu_seu,0.04,44.576718784592394
candu_seu,0.04,45.81457390164431
candu_seu,0.04,49.53428116362262
candu_seu,0.04,45.845805371407614
candu_seu,0.04,45.23467217419759
candu_seu,0.04,42.26486401165033
candu_seu,0.04,44.752904356757924
candu_seu,0.04,41.773999592610714
candu_seu,0.04,45.22537724185938
candu_seu,0.04,46.90733199802146
candu_seu,0.04,48.23691867340885
candu_seu,0.04,47.254556700013204
candu_seu,0.04,44.20887106138286
candu_seu,0.04,45.83106970741761
candu_seu,0.04,49.77578020243495
candu_seu,0.04,46.674929042734924
candu_seu,0.04,43.008969386771945
candu_seu,0.04,47.820739150829766
candu_seu,0.04,48.70508846721163
candu_seu,0.04,42.050424393192834
candu_seu,0.04,46.390461968824006
candu_seu,0.04,44.43400554366697
candu_seu,0.04,42.970944540234285
candu_seu,0.04,46.57818296191735
candu_seu,0.04,40.91782808304338
candu_seu,0.04,48.23265715314148
candu_seu,0.04,48.72089560809785
candu_seu,0.04,46.82821155595469
candu_seu,0.04,43.55082538731062
candu_seu,0.04,47.95242684168473
candu_seu,0.04,44.61972580869873
candu_seu,0.04,44.00954181445361
candu_seu,0.04,42.872085794965365
candu_seu,0.04,46.86311509235841
candu_seu,0.04,43.35188237079309
candu_seu,0.04,44.28023325233241
candu_seu,0.04,45.605277930545
candu_seu,0.04,45.727800141271764
candu_seu,0.04,46.22558708986715
candu_seu,0.04,48.686146026250036
candu_seu,0.04,46.40510594107148
candu_seu,0.04,42.48565676157705
candu_seu,0.04,48.40542063257011
candu_seu,0.04,44.59991130779321
candu_seu,0.04,47.87642756323501
candu_seu,0.04,45.24705164370254
candu_seu,0.04,40.74462231641131
candu_seu,0.04,48.74226275832012
candu_seu,0.04,42.62121035951667
candu_seu,0.04,45.44158384380973
candu_seu,0.04,41.52827948561424
candu_seu,0.04,46.20648746975091
candu_seu,0.04,47.561904134935304
candu_seu,0.04,49.72000455091167
candu_seu,0.04,41.024095897819
candu_seu,0.04,50.334909547049776
candu_seu,0.04,46.386071019285794
candu_seu,0.04,42.21624809642708
candu_seu,0.04,48.5766717552843
candu_seu,0.04,46.47648623136305
candu_seu,0.04,44.91726868779475
candu_seu,0.04,44.62166011380103
candu_seu,0.04,49.55830376371252
candu_seu,0.04,44.07459353836995
candu_seu,0.04,46.48137403240572
candu_seu,0.04,45.20737384798322
candu_seu,0.04,44.84228125148547
candu_seu,0.04,41.275790555368985
candu_seu,0.04,43.6156426039098
candu_seu,0.04,47.61038973524389
candu_seu,0.04,48.95138431877047
candu_seu,0.04,44.47014172440175
candu_seu,0.04,47.192099529209486
candu_seu,0.04,46.26450076653536
candu_seu,0.04,44.21591638397278
candu_seu,0.04,47.8949039844249
candu_seu,0.04,45.6928067254696
candu_seu,0.04,44.98358547563192
candu_seu,0.04,44.21768393105277
candu_seu,0.04,43.52715231181876
candu_seu,0.04,46.44045346956241
candu_seu,0.04,43.481406442548575
candu_seu,0.04,43.804193789630695
candu_seu,0.04,46.13075719161245
candu_seu,0.04,47.213278346963925
candu_seu,0.04,42.32092805546878
candu_seu,0.04,47.93044683823844
candu_seu,0.04,45.02174582104465
candu_seu,0.04,44.119753021460156
candu_seu,0.04,42.86307274267484
candu_seu,0.04,46.357887022685446
candu_seu,0.04,42.799617936657526
candu_seu,0.04,41.22871891460738
candu_seu,0.04,49.255617323380655
candu_seu,0.04,40.953847699611416
candu_seu,0.04,45.79275110844428
candu_seu,0.04,43.535140917465455
candu_seu,0.04,45.58838113387035
candu_seu,0.04,45.66910164174072
candu_seu,0.04,49.146386685411045
candu_seu,0.04,47.317094483675405
candu_seu,0.04,41.799820093716434
candu_seu,0.04,44.3101248286432
candu_seu,0.04,46.17027687886164
candu_seu,0.04,42.44447672889466
candu_seu,0.04,44.04464304418801
candu_seu,0.04,44.07935860451087
candu_seu,0.04,42.732503923175166
candu_seu,0.04,49.42420674413972
candu_seu,0.04,45.79002433527225
candu_seu,0.04,43.13265948643842
candu_seu,0.04,46.8594646738257
candu_seu,0.04,46.444750530838036
candu_seu,0.04,47.70662564333852
candu_seu,0.04,49.56870926316292
candu_seu,0.04,44.208844377265095
candu_seu,0.04,47.305788556328
candu_seu,0.04,43.26056606714469
candu_seu,0.04,43.60789495949882
candu_seu,0.04,44.24730068519203
candu_seu,0.04,44.53178500323197
candu_seu,0.04,49.45104000490145
candu_seu,0.04,45.90043173982379
candu_seu,0.04,44.79981043437286
candu_seu,0.04,50.65896508187146
candu_seu,0.04,47.012949758645824
candu_seu,0.04,50.22287212932349
candu_seu,0.04,46.261588897571656
candu_seu,0.04,43.073993491105284
candu_seu,0.04,43.55893350642188
candu_seu,0.04,43.75487790404783
candu_seu,0.04,45.638004581553695
candu_seu,0.04,44.069594083011566
candu_seu,0.04,50.478099443537445
candu_seu,0.04,40.50130712789614
candu_seu,0.04,45.433431559705284
candu_seu,0.04,44.95414669255663
candu_seu,0.04,44.185566412698215
candu_seu,0.04,44.14088231640787
candu_seu,0.04,46.238942895129746
candu_seu,0.04,46.48310796244718
candu_seu,0.04,50.363049638147444
candu_seu,0.04,45.89149319359887
candu_seu,0.04,46.37268451823555
candu_seu,0.04,41.580841276615566
candu_seu,0.04,45.17818286256933
candu_seu,0.04,41.87989022212334
candu_seu,0.04,45.613491218995016
candu_seu,0.04,48.199493363678855
candu_seu,0.04,43.328233341016016
candu_seu,0.04,44.158104295114654
candu_seu,0.04,47.81704903924002
candu_seu,0.04,46.11715051742745
candu_seu,0.04,45.98935228352256
candu_seu,0.04,42.14950706319534
candu_seu,0.04,47.431504339326516
candu_seu,0.04,49.59101514513519
candu_seu,0.04,48.53398903234179
candu_seu,0.04,47.08167946830569
candu_seu,0.04,42.67074749740864
candu_seu,0.04,46.264103080095886
candu_seu,0.04,46.22138601213485
candu_seu,0.04,46.5528811081699
candu_seu,0.04,42.53782368822294
candu_seu,0.04,46.58658331798
candu_seu,0.04,45.09340110813335
candu_seu,0.04,44.76291717279931
candu_seu,0.04,40.1559526539962
candu_seu,0.04,48.212925638695154
candu_seu,0.04,45.262023297544815
candu_seu,0.04,46.805493948583084
candu_seu,0.04,42.431033457464366
candu_seu,0.04,42.2576049077583
candu_seu,0.04,46.33924680266484
candu_seu,0.04,44.4878422923451
candu_seu,0.04,48.09828354930721
candu_seu,0.04,47.25652843448902
candu_seu,0.04,44.25416849579491
candu_seu,0.04,45.180401738074266
candu_seu,0.04,42.33089505972497
candu_seu,0.04,48.41289710436916
candu_seu,0.04,43.922455816225956
candu_seu,0.04,46.72265850167794
candu_seu,0.04,44.80883038464221
candu_seu,0.04,45.94039679678712
candu_seu,0.04,41.3878462027461
candu_seu,0.04,46.87635556339238
candu_seu,0.04,41.86560481132674
candu_seu,0.04,43.324758769470854
candu_seu,0.04,44.41777614493154
candu_seu,0.04,47.7398850395924
candu_seu,0.04,48.04811173581098
candu_seu,0.04,44.02222512854715
candu_seu,0.04,45.88145774592931
candu_seu,0.04,46.60338452027735
candu_seu,0.04,45.076320747330755
candu_seu,0.04,48.94365073547997
candu_seu,0.04,49.70638134279742
candu_seu,0.04,43.879974660301514
candu_seu,0.04,45.63254169405982
candu_seu,0.04,46.50045443859621
candu_seu,0.04,46.91007995762551
candu_seu,0.04,42.75953586749047
candu_seu,0.04,47.98856961122821
candu_seu,0.04,47.65760715128219
candu_seu,0.04,41.54710399611258
candu_seu,0.04,49.301085554952365
candu_seu,0.04,46.58337530645096
candu_seu,0.04,47.965814063671466
candu_seu,0.04,44.87471441525015
candu_seu,0.04,44.867092248760926
candu_seu,0.04,48.342098889839406
candu_seu,0.04,48.349708152195284
candu_seu,0.04,48.78311687076887
candu_seu,0.04,43.93547460684233
candu_seu,0.04,41.73435722533623
candu_seu,0.04,47.27484429127079
candu_seu,0.04,45.17200585087216
candu_seu,0.04,43.624757309437854
candu_seu,0.04,49.10178151662129
candu_seu,0.04,47.99619716785751
candu_seu,0.04,45.94382668057071
candu_seu,0.04,46.410120926417
candu_seu,0.04,45.27457732290855
candu_seu,0.04,42.43218292707878
candu_seu,0.04,43.42946031971305
candu_seu,0.04,45.40859106798035
candu_seu,0.04,47.845852802903515
candu_seu,0.04,43.83888787588894
candu_seu,0.04,47.55802821859776
candu_seu,0.04,49.082048092224724
candu_seu,0.04,48.43532555131877
candu_seu,0.04,46.93251920670865
candu_seu,0.04,47.6529704844551
candu_seu,0.04,42.81264426312842
candu_seu,0.04,49.06941787041286
candu_seu,0.04,43.92047781266915
candu_seu,0.04,45.75297622010973
candu_seu,0.04,47.623039995036464
candu_seu,0.04,45.63268999672783
candu_seu,0.04,48.88010252952172
candu_seu,0.04,44.3218594331045
candu_seu,0.04,45.01610009792683
candu_seu,0.04,46.67154979594048
candu_seu,0.04,47.982813910322434
candu_seu,0.04,48.52226331034508
candu_seu,0.04,49.17305274756291
candu_seu,0.04,46.46545819033284
candu_seu,0.04,44.9460387823993
candu_seu,0.04,44.155491439600375
candu_seu,0.04,44.122868358986466
candu_seu,0.04,48.064306188146176
candu_seu,0.04,41.08507969018366
candu_seu,0.04,48.904682213983115
candu_seu,0.04,46.32951940703026
candu_seu,0.04,43.38775995670617
candu_seu,0.04,45.285259183347584
candu_seu,0.04,48.954842062211725
candu_seu,0.04,47.01530675857188
candu_seu,0.04,43.740844839328254
candu_seu,0.04,41.13714655300906
candu_seu,0.04,45.15195903832423
candu_seu,0.04,48.57673613477612
candu_seu,0.04,42.93552901816379
candu_seu,0.04,49.92726892469702
candu_seu,0.04,45.6587464806206
candu_seu,0.04,48.622320098544655
candu_seu,0.04,46.405356247545534
candu_seu,0.04,45.43726211249877
candu_seu,0.04,40.79138578661111
candu_seu,0.04,49.817141342587554
candu_seu,0.04,44.871142911172775
candu_seu,0.04,48.2202925124112
candu_seu,0.04,43.71118199545836
candu_seu,0.04,45.39965524631698
candu_seu,0.04,43.49532210706774
candu_seu,0.04,42.88879889988361
candu_seu,0.04,49.13487045523078
candu_seu,0.04,43.42048605415397
candu_seu,0.04,46.176380341035035
candu_seu,0.04,47.923839376559144
candu_seu,0.04,47.03434340996459
candu_seu,0.04,46.079584830000925
candu_seu,0.04,45.207336717482846
candu_seu,0.04,46.42601770498244
candu_seu,0.04,46.01197587120772
candu_seu,0.04,43.70216434306748
candu_seu,0.04,46.08790907035822
candu_seu,0.04,47.685209711243736
candu_seu,0.04,43.927808165658625
candu_seu,0.04,44.55502440475234
candu_seu,0.04,47.30026458437116
candu_seu,0.04,45.18407815784274
candu_seu,0.04,43.73707738489787
candu_seu,0.04,45.37979256663391
candu_seu,0.04,43.657469670629766
candu_seu,0.04,47.219338024704584
candu_seu,0.04,47.741076014229606
candu_seu,0.04,48.88790944974399
candu_seu,0.04,46.63851699865368
candu_seu,0.04,42.613394796106284
candu_seu,0.04,45.544795804108944
candu_seu,0.04,44.046269271721755
candu_seu,0.04,44.3405850433269
candu_seu,0.04,40.890667887198106
candu_seu,0.04,43.13503153785718
candu_seu,0.04,42.34252538443154
candu_seu,0.04,46.872176587350395
candu_seu,0.04,50.98873513839
candu_seu,0.04,45.901240637277624
candu_seu,0.04,44.79888684058042
candu_seu,0.04,45.838148539824964
candu_seu,0.04,46.28057595099393
candu_seu,0.04,46.11418155471506
candu_seu,0.04,41.552717842524714
candu_seu,0.04,43.963339804796924
candu_seu,0.04,45.88550544178157
candu_seu,0.04,48.384696190073605
candu_seu,0.04,44.47297814925638
candu_seu,0.04,43.29722485386976
candu_seu,0.04,44.8916070469994
candu_seu,0.04,45.372075908634066
candu_seu,0.04,44.91900689683235
candu_seu,0.04,41.88396527317762
candu_seu,0.04,43.259455985824864
candu_seu,0.04,44.83380801399716
candu_seu,0.04,44.449993268707146
candu_seu,0.04,48.92294290657808
candu_seu,0.04,46.731873174692595
candu_seu,0.04,41.350015738634156
candu_seu,0.04,44.80470170089783
candu_seu,0.04,43.28030424115174
candu_seu,0.04,45.34130342135739
candu_seu,0.04,44.78791015939206
candu_seu,0.04,44.69169887840559
candu_seu,0.04,43.864928013396444
candu_seu,0.04,45.614912516802846
candu_seu,0.04,51.55518383091079
candu_seu,0.04,45.39527413341715
candu_seu,0.04,44.13435484828671
candu_seu,0.04,50.16292771523636
candu_seu,0.04,44.01363217901539
candu_seu,0.04,51.05064071832201
candu_seu,0.04,47.53148655456449
candu_seu,0.04,43.878273584924905
candu_seu,0.04,42.72227728624781
candu_seu,0.04,44.447208760998436
candu_seu,0.04,44.316450446081475
candu_seu,0.04,43.6434338552661
candu_seu,0.04,45.821517190093395
candu_seu,0.04,43.122584952658414
candu_seu,0.04,45.38174885716
candu_seu,0.04,50.64525472040089
candu_seu,0.04,46.06031424264778
candu_seu,0.04,45.17600017421302
candu_seu,0.04,44.4353971618824
candu_seu,0.04,48.29952652353056
candu_seu,0.04,43.3247184054165
candu_seu,0.04,44.098133563442836
candu_seu,0.04,48.20172683464499
candu_seu,0.04,45.166699993884244
candu_seu,0.04,48.3829614844768
candu_seu,0.04,44.562027363666886
candu_seu,0.04,45.696290934050104
candu_seu,0.04,49.42219152054454
candu_seu,0.04,41.66922795396985
candu_seu,0.04,49.3582563228893
candu_seu,0.04,41.12178468630211
candu_seu,0.04,44.644552410582925
candu_seu,0.04,44.89826432832042
candu_seu,0.04,42.51202975816311
candu_seu,0.04,42.39780129560075
candu_seu,0.04,46.1189523790432
candu_seu,0.04,47.543593943487735
candu_seu,0.04,47.0231502334582
candu_seu,0.04,45.708550880888296
candu_seu,0.04,44.47869549838934
candu_seu,0.04,45.512133609367055
candu_seu,0.04,41.31697159044658
candu_seu,0.04,47.70721697850541
candu_seu,0.04,47.758828147819465
candu_seu,0.04,49.291694326361544
candu_seu,0.04,46.05773519642334
candu_seu,0.04,44.623937907439995
candu_seu,0.04,42.78700140310625
candu_seu,0.04,43.01700806193949
candu_seu,0.04,49.345023073565585
candu_seu,0.04,44.58340599974574
candu_seu,0.04,45.2945539428151
candu_seu,0.04,49.48780372452011
candu_seu,0.04,45.695214253429036
candu_seu,0.04,46.44616955610676
candu_seu,0.04,42.33058659121799
candu_seu,0.04,49.169192904998404
candu_seu,0.04,49.73084037839433
candu_seu,0.04,45.38767209606138
candu_seu,0.04,42.49425606023639
candu_seu,0.04,46.40261947513046
candu_seu,0.04,43.45063078868683
candu_seu,0.04,43.70437371677386
candu_seu,0.04,45.934574317368664
candu_seu,0.04,43.43398187743045
candu_seu,0.04,46.937878222048866
candu_seu,0.04,50.9449143127184
candu_seu,0.04,48.20100540951469
candu_seu,0.04,48.87022846112093
candu_seu,0.04,48.94663818741421
candu_seu,0.04,44.99722756346783
candu_seu,0.04,46.86439959119875
candu_seu,0.04,45.81570440530613
candu_seu,0.04,42.82680652334912
candu_seu,0.04,47.01578167321792
candu_seu,0.04,49.07049057778942
candu_seu,0.04,44.26802674376616
candu_seu,0.04,43.34459892183918
candu_seu,0.04,42.40132933328881
candu_seu,0.04,42.832540914514226
candu_seu,0.04,44.412772888070506
candu_seu,0.04,47.44154739428571
candu_seu,0.04,43.7570740274063
candu_seu,0.04,46.14390317357889
candu_seu,0.04,45.75607964437712
candu_seu,0.04,45.198191693891836
candu_seu,0.04,40.9444469996897
candu_seu,0.04,45.025548745036104
candu_seu,0.04,47.238263141371505
candu_seu,0.04,45.83273047189125
candu_seu,0.04,45.160190799825145
candu_seu,0.04,45.10403255902112
candu_seu,0.04,43.60839654586255
candu_seu,0.04,45.67425208516668
candu_seu,0.04,41.9201978839155
candu_seu,0.04,46.566979877364126
candu_seu,0.04,47.830210451031505
candu_seu,0.04,45.98266112255382
candu_seu,0.04,49.47317717789898
candu_seu,0.04,44.00366537945772
candu_seu,0.04,42.415415633100444
candu_seu,0.04,50.92137343123232
candu_seu,0.04,46.24877019788616
candu_seu,0.04,42.93488181826419
candu_seu,0.04,44.56526866404262
candu_seu,0.04,44.11898845109942
candu_seu,0.04,45.19949318888678
candu_seu,0.04,47.52311206551176
candu_seu,0.04,43.706708157368276
candu_seu,0.04,47.03287819388022
candu_seu,0.04,48.686913597373334
candu_seu,0.04,46.09328578998023
candu_seu,0.04,42.19840594228435
candu_seu,0.04,43.900176499929195
candu_seu,0.04,49.3050006898899
candu_seu,0.04,45.404065172163676
candu_seu,0.04,45.814160132025165
candu_seu,0.04,44.735713047808886
candu_seu,0.04,46.20736045069279
candu_seu,0.04,45.78372393034033
candu_seu,0.04,46.59865684145381
candu_seu,0.04,44.91840957773351
candu_seu,0.04,41.801131381793674
candu_seu,0.04,47.78068919843061
candu_seu,0.04,49.08250026725201
candu_seu,0.04,47.653992669343346
candu_seu,0.04,46.37924599446243
candu_seu,0.04,43.64325519780837
candu_seu,0.04,48.1628032749212
candu_seu,0.04,49.87359564062386
candu_seu,0.04,47.98748739531256
candu_seu,0.04,48.75095947432257
candu_seu,0.04,45.89725089243944
candu_seu,0.04,43.70811496345101
candu_seu,0.04,47.368020714949324
candu_seu,0.04,41.39717708257575
candu_seu,0.04,42.11545450904426
candu_seu,0.04,47.25571505703229
candu_seu,0.04,47.28902175181707
candu_seu,0.04,44.01862549152975
candu_seu,0.04,47.906864243362214
candu_seu,0.04,46.043309934420265
candu_seu,0.04,45.74195375486813
candu_seu,0.04,45.02859300796322
candu_seu,0.04,49.1399553319097
candu_seu,0.04,42.54578138964201
candu_seu,0.04,40.95798343212713
candu_seu,0.04,48.140282455805426
candu_seu,0.04,46.11559808931913
candu_seu,0.04,49.92668003403431
candu_seu,0.04,44.4117487101076
candu_seu,0.04,47.098260833639976
candu_seu,0.04,44.31672647367839
candu_seu,0.04,48.892212330757495
candu_seu,0.04,49.25643486191928
candu_seu,0.08,65.87407648722876
candu_seu,0.08,71.85844810826225
candu_seu,0.08,65.05887785095736
candu_seu,0.08,74.54452079441165
candu_seu,0.08,60.29859414897104
candu_seu,0.08,71.43296520198484
candu_seu,0.08,69.57462677536347
candu_seu,0.08,74.41931234170895
candu_seu,0.08,63.131375397715196
candu_seu,0.08,64.33472668491987
candu_seu,0.08,65.87285589028069
candu_seu,0.08,73.06980953224091
candu_seu,0.08,66.05968760884296
candu_seu,0.08,69.53715204586793
candu_seu,0.08,65.04042793965004
candu_seu,0.08,73.84407318444154
candu_seu,0.08,74.87762328290466
candu_seu,0.08,66.52396699030282
candu_seu,0.08,71.04935657289813
candu_seu,0.08,69.67249027934933
candu_seu,0.08,71.33291316328838
candu_seu,0.08,69.59858860119844
candu_seu,0.08,60.796980062874894
candu_seu,0.08,65.36156038429812
candu_seu,0.08,68.6485491644266
candu_seu,0.08,72.99556005628067
candu_seu,0.08,63.858003599693404
candu_seu,0.08,64.92822121514143
candu_seu,0.08,65.11968380879155
candu_seu,0.08,75.7100773031156
candu_seu,0.08,71.40957949484768
candu_seu,0.08,71.56661155874242
candu_seu,0.08,68.99911112335798
candu_seu,0.08,68.94687524743945
candu_seu,0.08,69.47629984450649
candu_seu,0.08,67.58573055440064
candu_seu,0.08,76.80503182144784
candu_seu,0.08,62.210569925791596
candu_seu,0.08,64.72813833514735
candu_seu,0.08,70.78359847190985
candu_seu,0.08,74.37874710078846
candu_seu,0.08,72.3327356286074
candu_seu,0.08,68.66746361305329
candu_seu,0.08,70.76491031456591
candu_seu,0.08,67.92412950500956
candu_seu,0.08,72.81263993936372
candu_seu,0.08,71.99459915704632
candu_seu,0.08,72.89922423887884
candu_seu,0.08,71.70491223440216
candu_seu,0.08,62.97370601081694
candu_seu,0.08,68.3956773469368
candu_seu,0.08,69.83784872673336
candu_seu,0.08,75.8803145114062
candu_seu,0.08,71.54574165221952
candu_seu,0.08,66.37875389361291
candu_seu,0.08,68.5253933083532
candu_seu,0.08,69.54761578580937
candu_seu,0.08,62.196670459667935
candu_seu,0.08,62.15526477086339
candu_seu,0.08,68.02138680955453
candu_seu,0.08,72.61506972091156
candu_seu,0.08,68.00093327292332
candu_seu,0.08,76.44381766999845
candu_seu,0.08,67.56962698497172
candu_seu,0.08,69.5929130058817
candu_seu,0.08,62.296384245647964
candu_seu,0.08,66.0332444236488
candu_seu,0.08,58.74191025999711
candu_seu,0.08,74.1387183719507
candu_seu,0.08,67.13023612784008
candu_seu,0.08,75.89410320146924
candu_seu,0.08,71.3894780828953
candu_seu,0.08,65.8687825103908
candu_seu,0.08,72.04154300532808
candu_seu,0.08,62.175093315196015
candu_seu,0.08,68.4450883975688
candu_seu,0.08,61.75776341365102
candu_seu,0.08,70.6775560790769
candu_seu,0.08,66.11070119057278
candu_seu,0.08,70.1350886888622
candu_seu,0.08,65.23042712874685
candu_seu,0.08,76.82791273157983
candu_seu,0.08,67.64932211644191
candu_seu,0.08,61.515113939758784
candu_seu,0.08,66.54503975653024
candu_seu,0.08,72.38053651396254
candu_seu,0.08,65.20891822840544
candu_seu,0.08,66.35572895807293
candu_seu,0.08,69.22364182245845
candu_seu,0.08,74.78602402556858
candu_seu,0.08,67.38188043196224
candu_seu,0.08,61.760884859028785
candu_seu,0.08,69.78085943559809
candu_seu,0.08,70.81056226589725
candu_seu,0.08,70.34291741803841
candu_seu,0.08,75.4712775691187
candu_seu,0.08,74.01730318529737
candu_seu,0.08,73.23922146699576
candu_seu,0.08,66.75934050286958
candu_seu,0.08,70.98852762098382
candu_seu,0.08,76.39911307333055
candu_seu,0.08,75.0554890135642
candu_seu,0.08,78.52178916742388
candu_seu,0.08,76.79585987303315
candu_seu,0.08,69.79091179151524
candu_seu,0.08,70.08455306435665
candu_seu,0.08,63.022731665227546
candu_seu,0.08,73.00731297479494
candu_seu,0.08,64.0384888262908
candu_seu,0.08,77.39900906987762
candu_seu,0.08,68.81761610651913
candu_seu,0.08,73.93599956218226
candu_seu,0.08,74.05412303485531
candu_seu,0.08,63.270532683178374
candu_seu,0.08,71.21299086154096
candu_seu,0.08,61.34037532396335
candu_seu,0.08,69.67660493657853
candu_seu,0.08,74.45018382521864
candu_seu,0.08,72.04625957809459
candu_seu,0.08,70.89392653081529
candu_seu,0.08,65.45366042971418
candu_seu,0.08,68.69105225202557
candu_seu,0.08,68.33312477250797
candu_seu,0.08,71.92205231321412
candu_seu,0.08,69.02522948904696
candu_seu,0.08,62.87451209526806
candu_seu,0.08,64.72697557471095
candu_seu,0.08,64.35658842390241
candu_seu,0.08,62.337700306165594
candu_seu,0.08,63.516171661361
candu_seu,0.08,73.32411473410232
candu_seu,0.08,73.45292656285518
candu_seu,0.08,63.34933714607668
candu_seu,0.08,62.936991085034734
candu_seu,0.08,73.83769757877823
candu_seu,0.08,72.29567063548023
candu_seu,0.08,72.77924720766913
candu_seu,0.08,68.79251874159367
candu_seu,0.08,61.97314681452823
candu_seu,0.08,68.65838729331884
candu_seu,0.08,73.85924188722375
candu_seu,0.08,64.78397445250728
candu_seu,0.08,69.78957251146196
candu_seu,0.08,67.81428607109713
candu_seu,0.08,66.12878913064586
candu_seu,0.08,67.06951064857512
candu_seu,0.08,68.35675167454329
candu_seu,0.08,68.53225783077059
candu_seu,0.08,70.14353722369634
candu_seu,0.08,67.33262882539614
candu_seu,0.08,63.4530782161775
candu_seu,0.08,67.09280158085039
candu_seu,0.08,72.38812988187287
candu_seu,0.08,72.26079003477066
candu_seu,0.08,68.99882262659283
candu_seu,0.08,66.13358112385181
candu_seu,0.08,68.02098168905819
candu_seu,0.08,70.43518699221877
candu_seu,0.08,69.33546856053026
candu_seu,0.08,67.78696374027814
candu_seu,0.08,70.96016255621136
candu_seu,0.08,65.90413992570588
candu_seu,0.08,77.00255136931338
candu_seu,0.08,71.77442265817506
candu_seu,0.08,73.97635487545867
candu_seu,0.08,64.91094116438735
candu_seu,0.08,59.79139784546061
candu_seu,0.08,64.32207458172587
candu_seu,0.08,68.15912339600848
candu_seu,0.08,70.50616202473257
candu_seu,0.08,77.89217017259583
candu_seu,0.08,75.36357960453829
candu_seu,0.08,68.0933272741751
candu_seu,0.08,69.87768360375192
candu_seu,0.08,67.95579838057921
candu_seu,0.08,61.57128975234823
candu_seu,0.08,66.73178760497862
candu_seu,0.08,72.50912144416283
candu_seu,0.08,71.7768195035734
candu_seu,0.08,69.83923825232647
candu_seu,0.08,77.00424573991498
candu_seu,0.08,59.52353846640604
candu_seu,0.08,70.76957371457502
candu_seu,0.08,59.54018142021523
candu_seu,0.08,73.91929530393169
candu_seu,0.08,72.31254527344902
candu_seu,0.08,63.48318606912703
candu_seu,0.08,70.41155910404706
candu_seu,0.08,61.529469243969345
candu_seu,0.08,64.4524015976331
candu_seu,0.08,63.09666801489463
candu_seu,0.08,63.707812880420015
candu_seu,0.08,67.94337950978336
candu_seu,0.08,67.48748300598722
candu_seu,0.08,66.50942583724385
candu_seu,0.08,58.85727369000472
candu_seu,0.08,68.28010548623625
candu_seu,0.08,64.12126972768837
candu_seu,0.08,61.67672381455974
candu_seu,0.08,64.53576650807724
candu_seu,0.08,69.44895305499354
candu_seu,0.08,67.43948703631834
candu_seu,0.08,72.11382603900998
candu_seu,0.08,63.02082253238004
candu_seu,0.08,72.1505706015583
candu_seu,0.08,67.9607052720036
candu_seu,0.08,69.51946678991418
candu_seu,0.08,65.48989266364914
candu_seu,0.08,60.50068083362593
candu_seu,0.08,65.82112408920106
candu_seu,0.08,64.36221528635517
candu_seu,0.08,64.96016104746714
candu_seu,0.08,65.71211430786641
candu_seu,0.08,64.61483689125765
candu_seu,0.08,63.15413008432496
candu_seu,0.08,71.51619958214464
candu_seu,0.08,66.45810672522353
candu_seu,0.08,62.24504492993052
candu_seu,0.08,64.45952347228845
candu_seu,0.08,73.07965345045773
candu_seu,0.08,70.02211001529842
candu_seu,0.08,72.1467273662348
candu_seu,0.08,66.81971125957688
candu_seu,0.08,66.56841627893589
candu_seu,0.08,59.4980898890948
candu_seu,0.08,73.32877364795229
candu_seu,0.08,68.26813862724283
candu_seu,0.08,71.38164770341041
candu_seu,0.08,62.053149148849016
candu_seu,0.08,72.25822519821835
candu_seu,0.08,68.41256482790882
candu_seu,0.08,70.70291971122684
candu_seu,0.08,76.16908917286898
candu_seu,0.08,69.04026832593937
candu_seu,0.08,67.66324311057988
candu_seu,0.08,65.13729755216788
candu_seu,0.08,69.18872321654645
candu_seu,0.08,65.24623933327213
candu_seu,0.08,65.35217398393675
candu_seu,0.08,66.55193139476027
candu_seu,0.08,66.33461751473016
candu_seu,0.08,69.91963792839523
candu_seu,0.08,66.94172461813497
candu_seu,0.08,73.05867350237374
candu_seu,0.08,68.19416912661227
candu_seu,0.08,71.21087985331043
candu_seu,0.08,71.9217912676878
candu_seu,0.08,64.56720886923446
candu_seu,0.08,73.62033788100187
candu_seu,0.08,74.18260762935041
candu_seu,0.08,63.78812492227078
candu_seu,0.08,61.833655783843895
candu_seu,0.08,68.829482082329
candu_seu,0.08,65.85916668029834
candu_seu,0.08,67.16503525578594
candu_seu,0.08,67.89926706402007
candu_seu,0.08,64.6198630086406
candu_seu,0.08,66.33341884718642
candu_seu,0.08,66.95455464151001
candu_seu,0.08,71.6943017209362
candu_seu,0.08,70.37062898689759
candu_seu,0.08,75.69031612009867
candu_seu,0.08,72.01248552316211
candu_seu,0.08,64.04189026443953
candu_seu,0.08,67.47967331610913
candu_seu,0.08,65.99643717642545
candu_seu,0.08,66.40683011087012
candu_seu,0.08,69.26514902975907
candu_seu,0.08,69.43283627710251
candu_seu,0.08,73.34198790099124
candu_seu,0.08,66.9355693479354
candu_seu,0.08,72.74366044968815
candu_seu,0.08,70.58116663559674
candu_seu,0.08,61.885744721639064
candu_seu,0.08,63.655439750680245
candu_seu,0.08,67.54682250686092
candu_seu,0.08,76.00123745251447
candu_seu,0.08,70.08967691035376
candu_seu,0.08,71.00389095445725
candu_seu,0.08,59.79314421873647
candu_seu,0.08,70.74233291113612
candu_seu,0.08,70.72247986748455
candu_seu,0.08,69.87506193516633
candu_seu,0.08,66.67325407993926
candu_seu,0.08,63.175967512007574
candu_seu,0.08,65.19560200122986
candu_seu,0.08,73.38162088930127
candu_seu,0.08,69.61844549166909
candu_seu,0.08,68.68412355964588
candu_seu,0.08,70.05218084216365
candu_seu,0.08,68.20036815224682
candu_seu,0.08,62.89910455799389
candu_seu,0.08,69.1628395276738
candu_seu,0.08,60.83752324691369
candu_seu,0.08,70.75439613529375
candu_seu,0.08,66.88696811840947
candu_seu,0.08,73.76490006195013
candu_seu,0.08,75.11781336432735
candu_seu,0.08,73.78230750787927
candu_seu,0.08,66.7274273262869
candu_seu,0.08,67.50592464737609
candu_seu,0.08,64.662265666033
candu_seu,0.08,60.09051250960938
candu_seu,0.08,66.54014293337181
candu_seu,0.08,76.86525041271379
candu_seu,0.08,65.60967085233248
candu_seu,0.08,61.80595197753574
candu_seu,0.08,69.98269219322007
candu_seu,0.08,68.08882577108284
candu_seu,0.08,68.8721326270572
candu_seu,0.08,65.52647384885178
candu_seu,0.08,66.16893751776912
candu_seu,0.08,73.16238377566374
candu_seu,0.08,72.98561439883413
candu_seu,0.08,69.75043005145311
candu_seu,0.08,72.40167018040553
candu_seu,0.08,71.94532524616145
candu_seu,0.08,63.63439277749773
candu_seu,0.08,70.49410074566124
candu_seu,0.08,62.5865818016784
candu_seu,0.08,71.16742135958401
candu_seu,0.08,67.45985066179344
candu_seu,0.08,64.5364731631084
candu_seu,0.08,68.67243850514284
candu_seu,0.08,66.17472316144926
candu_seu,0.08,68.56927988935472
candu_seu,0.08,75.69304714302919
candu_seu,0.08,69.56581022855686
candu_seu,0.08,72.35706711124851
candu_seu,0.08,70.24457185242122
candu_seu,0.08,58.71755901368729
candu_seu,0.08,75.44485808283842
candu_seu,0.08,62.78149364529051
candu_seu,0.08,72.06653805204574
candu_seu,0.08,59.88757214119663
candu_seu,0.08,65.79325498464694
candu_seu,0.08,70.50181869508204
candu_seu,0.08,68.87940292098762
candu_seu,0.08,70.30782271703868
candu_seu,0.08,67.66951219090124
candu_seu,0.08,70.80300586763543
candu_seu,0.08,73.15103847346893
candu_seu,0.08,70.3148391292504
candu_seu,0.08,61.479620992808286
candu_seu,0.08,68.0023359992609
candu_seu,0.08,71.00803290590098
candu_seu,0.08,69.32285607835686
candu_seu,0.08,67.63862577908637
candu_seu,0.08,70.1157310811333
candu_seu,0.08,65.65038650288245
candu_seu,0.08,71.00494472621713
candu_seu,0.08,73.30943825506351
candu_seu,0.08,70.52251727823266
candu_seu,0.08,73.60607176538198
candu_seu,0.08,68.3210124818316
candu_seu,0.08,67.02881135197158
candu_seu,0.08,62.8567906336027
candu_seu,0.08,67.61883695080913
candu_seu,0.08,76.44447306005704
candu_seu,0.08,71.43618570843509
candu_seu,0.08,69.99161306316999
candu_seu,0.08,67.44540089510615
candu_seu,0.08,70.41080363711332
candu_seu,0.08,66.64922139146215
candu_seu,0.08,66.61938834188373
candu_seu,0.08,67.77435167726597
candu_seu,0.08,64.98397465317444
candu_seu,0.08,62.70027360822012
candu_seu,0.08,69.17599339682121
candu_seu,0.08,69.6786460939741
candu_seu,0.08,71.6793680631651
candu_seu,0.08,69.47474499024449
candu_seu,0.08,68.92186478277752
candu_seu,0.08,77.52552804185538
candu_seu,0.08,70.69769910182072
candu_seu,0.08,73.95133597963847
candu_seu,0.08,77.04207647743365
candu_seu,0.08,74.7585422905859
candu_seu,0.08,72.63139525991471
candu_seu,0.08,72.59335601332418
candu_seu,0.08,73.70914721469951
candu_seu,0.08,69.50539994423691
candu_seu,0.08,71.96340297511755
candu_seu,0.08,64.24251291206714
candu_seu,0.08,72.94603056565425
candu_seu,0.08,63.464604007998936
candu_seu,0.08,75.2507272337776
candu_seu,0.08,69.83247035181584
candu_seu,0.08,65.22535483227323
candu_seu,0.08,66.71676016425732
candu_seu,0.08,68.16460242748671
candu_seu,0.08,75.1359334968558
candu_seu,0.08,69.68039802749126
candu_seu,0.08,64.15634769823664
candu_seu,0.08,66.74758613671337
candu_seu,0.08,71.88863137132967
candu_seu,0.08,69.93978208202965
candu_seu,0.08,73.84078963819863
candu_seu,0.08,66.08238442291491
candu_seu,0.08,66.32728364253333
candu_seu,0.08,74.20352202912322
candu_seu,0.08,71.7190898199738
candu_seu,0.08,62.818319911412736
candu_seu,0.08,67.72002846955884
candu_seu,0.08,75.56752959144839
candu_seu,0.08,73.51761207160816
candu_seu,0.08,71.85581133275747
candu_seu,0.08,67.70147916517999
candu_seu,0.08,68.09111999345049
candu_seu,0.08,67.5953901090849
candu_seu,0.08,66.481822375053
candu_seu,0.08,64.42379258843366
candu_seu,0.08,67.87744231472915
candu_seu,0.08,62.290284664470164
candu_seu,0.08,73.54861681127429
candu_seu,0.08,62.34049577191143
candu_seu,0.08,64.52946654149316
candu_seu,0.08,69.83704541706794
candu_seu,0.08,70.92303904555888
candu_seu,0.08,65.9068298269227
candu_seu,0.08,63.9072396278403
candu_seu,0.08,69.56476752627226
candu_seu,0.08,67.8554781660149
candu_seu,0.08,68.40511535672017
candu_seu,0.08,76.81651355253986
candu_seu,0.08,69.83092571249236
candu_seu,0.08,72.62144197174017
candu_seu,0.08,72.22632543394093
candu_seu,0.08,65.69545997947715
candu_seu,0.08,69.13588849907381
candu_seu,0.08,70.60985660010752
candu_seu,0.08,72.8679675108652
candu_seu,0.08,71.21527019513171
candu_seu,0.08,65.37336640308126
candu_seu,0.08,60.504906983363036
candu_seu,0.08,67.58832392559785
candu_seu,0.08,73.72414339983592
candu_seu,0.08,70.83558911076297
candu_seu,0.08,63.30804952551424
candu_seu,0.08,68.55914180679251
candu_seu,0.08,76.43284596351901
candu_seu,0.08,72.83085171831786
candu_seu,0.08,71.08575515483507
candu_seu,0.08,67.4736842520511
candu_seu,0.08,65.76506457778201
candu_seu,0.08,67.03865856708303
candu_seu,0.08,63.576631770987355
candu_seu,0.08,70.74736341303289
candu_seu,0.08,69.37574641517607
candu_seu,0.08,71.22005390988527
candu_seu,0.08,64.87457256723148
candu_seu,0.08,71.74181398574669
candu_seu,0.08,67.62803697154422
candu_seu,0.08,71.32231097929332
candu_seu,0.08,73.05309794928328
candu_seu,0.08,68.20189640018926
candu_seu,0.08,63.753203361346365
candu_seu,0.08,66.86815618970313
candu_seu,0.08,64.39967552399195
candu_seu,0.08,64.78748591250572
candu_seu,0.08,72.81885966816793
candu_seu,0.08,64.36330643781821
candu_seu,0.08,64.75822782035372
candu_seu,0.08,73.18048133799951
candu_seu,0.08,77.57040515769808
candu_seu,0.08,66.6811254357344
candu_seu,0.08,70.99436491923964
candu_seu,0.08,69.43150321076001
candu_seu,0.08,62.34592878888666
candu_seu,0.08,77.0110405016483
candu_seu,0.08,70.58272093393128
candu_seu,0.08,69.11068389189668
candu_seu,0.08,61.52776091956532
candu_seu,0.08,63.49687662887936
candu_seu,0.08,71.08994409386808
candu_seu,0.08,70.04167072333988
candu_seu,0.08,67.84073782360309
candu_seu,0.08,74.5775132510472
candu_seu,0.08,67.39583384746557
candu_seu,0.08,68.78028760777241
candu_seu,0.08,72.85482613452919
candu_seu,0.08,76.84055151859425
candu_seu,0.08,66.54539945461958
candu_seu,0.08,73.85587518400224
candu_seu,0.08,69.02226965164664
candu_seu,0.08,69.38518744446844
candu_seu,0.08,73.59038070037947
candu_seu,0.08,71.34441475021274
candu_seu,0.08,67.4099680877224
candu_seu,0.08,71.01202269799603
candu_seu,0.08,70.02777146439863
candu_seu,0.08,75.08505337858723
candu_seu,0.08,68.31645393388504
candu_seu,0.08,74.37981153345534
candu_seu,0.08,61.42008737089607
candu_seu,0.08,67.66103321971269
candu_seu,0.08,64.13075941200026
candu_seu,0.08,67.27897028228121
candu_seu,0.08,71.63408854900786
candu_seu,0.08,71.37496618362246
candu_seu,0.08,71.31902139822915
candu_seu,0.08,68.1022381806357
candu_seu,0.08,69.60781773799394
candu_seu,0.08,67.40677071911215
candu_seu,0.08,65.7043448686383
candu_seu,0.08,67.63666122490453
candu_seu,0.08,63.379961769337896
candu_seu,0.08,77.34070364700042
candu_seu,0.08,66.35265932591882
candu_seu,0.08,68.64850511850074
candu_seu,0.08,75.7904688009055
candu_seu,0.08,69.41825808715238
candu_seu,0.08,67.90632967319857
candu_seu,0.08,62.775497472331914
candu_seu,0.08,66.923262915043
candu_seu,0.08,61.19373933769767
candu_seu,0.08,67.74473274865686
candu_seu,0.08,70.95340647365725
candu_seu,0.08,73.36192653654994
candu_seu,0.08,71.89409890555164
candu_seu,0.08,65.49529815463008
candu_seu,0.08,69.45867421203873
candu_seu,0.08,76.01868094427915
candu_seu,0.08,70.60897866525406
candu_seu,0.08,63.685239278979026
candu_seu,0.08,72.06613980023276
candu_seu,0.08,74.3104969163222
candu_seu,0.08,61.74447910418178
candu_seu,0.08,70.52054638089
candu_seu,0.08,66.01140252700489
candu_seu,0.08,63.5548209102766
candu_seu,0.08,70.32478455635864
candu_seu,0.08,59.81130754227975
candu_seu,0.08,72.96944002451406
candu_seu,0.08,73.54940145255466
candu_seu,0.08,70.70442582173223
candu_seu,0.08,65.07172437732815
candu_seu,0.08,72.90236303983885
candu_seu,0.08,66.38593738984268
candu_seu,0.08,65.14051896959656
candu_seu,0.08,63.21003561899125
candu_seu,0.08,70.27383961465961
candu_seu,0.08,64.66204451200889
candu_seu,0.08,65.81935370353351
candu_seu,0.08,68.72986942741362
candu_seu,0.08,68.30974046191926
candu_seu,0.08,69.5833857642976
candu_seu,0.08,74.27688548618642
candu_seu,0.08,70.18025620011171
candu_seu,0.08,62.667624039854445
candu_seu,0.08,73.27998526700517
candu_seu,0.08,66.71725765485755
candu_seu,0.08,72.56455155425137
candu_seu,0.08,67.67018781311256
candu_seu,0.08,59.835505678824696
candu_seu,0.08,74.25199581321945
candu_seu,0.08,62.51663663366222
candu_seu,0.08,68.26013149555605
candu_seu,0.08,60.97093446162352
candu_seu,0.08,68.81918500141346
candu_seu,0.08,72.12468795853505
candu_seu,0.08,75.84906812390189
candu_seu,0.08,60.315709577401556
candu_seu,0.08,76.72883460120909
candu_seu,0.08,69.26652295453238
candu_seu,0.08,61.73366661580892
candu_seu,0.08,73.55511271997783
candu_seu,0.08,69.61297425885242
candu_seu,0.08,67.21506476264628
candu_seu,0.08,66.86894205676099
candu_seu,0.08,75.11682345000295
candu_seu,0.08,65.44569204648852
candu_seu,0.08,69.90042858714611
candu_seu,0.08,67.83650769198239
candu_seu,0.08,66.85829962173854
candu_seu,0.08,60.900944592606415
candu_seu,0.08,64.43723486290165
candu_seu,0.08,71.39758472240685
candu_seu,0.08,74.74161556789178
candu_seu,0.08,66.08447982583057
candu_seu,0.08,71.44577647450207
candu_seu,0.08,69.2228670162508
candu_seu,0.08,66.27154829314736
candu_seu,0.08,72.11228716490099
candu_seu,0.08,68.77096992012822
candu_seu,0.08,67.53498188621323
candu_seu,0.08,65.28659116667335
candu_seu,0.08,64.91420739910649
candu_seu,0.08,70.03301261570367
candu_seu,0.08,64.75419241897406
candu_seu,0.08,64.72716679922148
candu_seu,0.08,69.19465825926005
candu_seu,0.08,70.71596222289216
candu_seu,0.08,62.07801992939259
candu_seu,0.08,72.65780752458667
candu_seu,0.08,67.33863569344209
candu_seu,0.08,65.38343402587631
candu_seu,0.08,63.96226028470654
candu_seu,0.08,69.47205564691208
candu_seu,0.08,63.06964910260591
candu_seu,0.08,60.771551399750635
candu_seu,0.08,74.50339663309126
candu_seu,0.08,59.86029593263596
candu_seu,0.08,68.97160777523148
candu_seu,0.08,64.27410032550213
candu_seu,0.08,68.87719790197191
candu_seu,0.08,68.77179992524735
candu_seu,0.08,74.62465586047715
candu_seu,0.08,71.48433652935141
candu_seu,0.08,61.12240365375747
candu_seu,0.08,65.54813519348954
candu_seu,0.08,68.83263166616508
candu_seu,0.08,62.67020728533343
candu_seu,0.08,65.05283609875828
candu_seu,0.08,65.1882295494089
candu_seu,0.08,63.346494332388275
candu_seu,0.08,74.75480321238689
candu_seu,0.08,69.09636197719463
candu_seu,0.08,64.16029739211531
candu_seu,0.08,71.1682999596015
candu_seu,0.08,69.47620233296084
candu_seu,0.08,72.24211933494163
candu_seu,0.08,75.7044298538634
candu_seu,0.08,65.56380860877296
candu_seu,0.08,71.51562173016693
candu_seu,0.08,64.55015738234557
candu_seu,0.08,64.98830682736101
candu_seu,0.08,66.00711451227659
candu_seu,0.08,66.08240518516577
candu_seu,0.08,74.90245644395566
candu_seu,0.08,68.7114291643808
candu_seu,0.08,67.08553706144237
candu_seu,0.08,77.44203847183762
candu_seu,0.08,70.83713136743883
candu_seu,0.08,76.7812937149605
candu_seu,0.08,69.69381278274491
candu_seu,0.08,64.08967572550323
candu_seu,0.08,65.21094492966168
candu_seu,0.08,65.6937104577466
candu_seu,0.08,68.23497284752061
candu_seu,0.08,65.85480602369478
candu_seu,0.08,76.74276516325848
candu_seu,0.08,59.19758752473065
candu_seu,0.08,67.91288259780261
candu_seu,0.08,67.70661250766668
candu_seu,0.08,65.59116400840615
candu_seu,0.08,65.25994019378123
candu_seu,0.08,69.42928062582257
candu_seu,0.08,69.71528644901129
candu_seu,0.08,76.73209661557676
candu_seu,0.08,68.83938362133046
candu_seu,0.08,70.30315187431657
candu_seu,0.08,61.496862554398426
candu_seu,0.08,67.59165656481095
candu_seu,0.08,61.53343661042567
candu_seu,0.08,68.37497798800153
candu_seu,0.08,72.75404971305727
candu_seu,0.08,64.20356324719924
candu_seu,0.08,65.79216456346751
candu_seu,0.08,72.49670693299373
candu_seu,0.08,69.13770497519621
candu_seu,0.08,68.81308923592216
candu_seu,0.08,62.28693659140724
candu_seu,0.08,71.05179607234996
candu_seu,0.08,75.91829540841296
candu_seu,0.08,73.61476874142356
candu_seu,0.08,70.92754805807421
candu_seu,0.08,62.75505795148561
candu_seu,0.08,69.60222576981147
candu_seu,0.08,69.32535987149001
candu_seu,0.08,70.09413521312814
candu_seu,0.08,62.63167499859673
candu_seu,0.08,70.2624879741891
candu_seu,0.08,67.18719731974328
candu_seu,0.08,66.12402961601978
candu_seu,0.08,58.772342122255395
candu_seu,0.08,73.07320199769299
candu_seu,0.08,67.90517562180744
candu_seu,0.08,70.67371891163798
candu_seu,0.08,62.59737336831384
candu_seu,0.08,62.68291766907763
candu_seu,0.08,69.54992533991812
candu_seu,0.08,66.47796228404229
candu_seu,0.08,73.58404712334777
candu_seu,0.08,71.01072779053472
candu_seu,0.08,65.53422345661116
candu_seu,0.08,67.233242964934
candu_seu,0.08,62.70520387597014
candu_seu,0.08,73.38728057854358
candu_seu,0.08,65.96147672915929
candu_seu,0.08,70.55510952049654
candu_seu,0.08,67.06611554613522
candu_seu,0.08,68.80265055175198
candu_seu,0.08,60.78387388720403
candu_seu,0.08,70.86159042948834
candu_seu,0.08,61.465472264913366
candu_seu,0.08,63.96870275181636
candu_seu,0.08,66.68923769311739
candu_seu,0.08,71.79515066053185
candu_seu,0.08,72.84269632133883
candu_seu,0.08,65.81764395579012
candu_seu,0.08,68.3758917010714
candu_seu,0.08,70.62452995594653
candu_seu,0.08,67.8204678555297
candu_seu,0.08,74.55903254338735
candu_seu,0.08,76.05601082327512
candu_seu,0.08,65.36608414242838
candu_seu,0.08,68.59282354746156
candu_seu,0.08,69.9358838988421
candu_seu,0.08,70.1782735129499
candu_seu,0.08,63.59789396770347
candu_seu,0.08,73.00318406159292
candu_seu,0.08,72.17951850609288
candu_seu,0.08,60.75796181480436
candu_seu,0.08,75.25809713651165
candu_seu,0.08,70.07611109124338
candu_seu,0.08,72.4148882230306
candu_seu,0.08,67.24506707587199
candu_seu,0.08,67.53676659563259
candu_seu,0.08,72.82932694107477
candu_seu,0.08,73.4038462683615
candu_seu,0.08,73.77688294983
candu_seu,0.08,64.89723933222142
candu_seu,0.08,61.58449246037096
candu_seu,0.08,70.91221733630736
candu_seu,0.08,67.8836305304373
candu_seu,0.08,65.21148522038575
candu_seu,0.08,74.84643965477262
candu_seu,0.08,72.65632471283003
candu_seu,0.08,69.20725772333957
candu_seu,0.08,69.50059110752441
candu_seu,0.08,67.92910122550461
candu_seu,0.08,62.78421111714667
candu_seu,0.08,64.22574421414213
candu_seu,0.08,67.89247340499288
candu_seu,0.08,72.3056216839433
candu_seu,0.08,65.23157448206011
candu_seu,0.08,71.27393932031121
candu_seu,0.08,75.2617143622777
candu_seu,0.08,73.12969744207554
candu_seu,0.08,70.46658515690186
candu_seu,0.08,71.70644202061288
candu_seu,0.08,63.49723622961019
candu_seu,0.08,75.00602359394375
candu_seu,0.08,65.66662616898483
candu_seu,0.08,68.66223423949808
candu_seu,0.08,71.71461201456587
candu_seu,0.08,68.46931417733451
candu_seu,0.08,74.7132112447174
candu_seu,0.08,65.80478353472355
candu_seu,0.08,66.67705556703766
candu_seu,0.08,70.6688190599087
candu_seu,0.08,72.18741655794858
candu_seu,0.08,74.32306642188759
candu_seu,0.08,75.62380190521361
candu_seu,0.08,70.22928936101562
candu_seu,0.08,67.33050105486042
candu_seu,0.08,65.85036912204102
candu_seu,0.08,66.25870817918698
candu_seu,0.08,72.96165931624586
candu_seu,0.08,60.45157855463431
candu_seu,0.08,73.82822164464363
candu_seu,0.08,70.03478279236693
candu_seu,0.08,64.56742654742487
candu_seu,0.08,67.73713183799725
candu_seu,0.08,74.67479906497603
candu_seu,0.08,70.91960582318713
candu_seu,0.08,64.77302473355192
candu_seu,0.08,60.44257789092937
candu_seu,0.08,67.37276454957328
candu_seu,0.08,73.38443647722798
candu_seu,0.08,63.14517652315672
candu_seu,0.08,75.93339334894061
candu_seu,0.08,68.427213156432
candu_seu,0.08,74.00363251388956
candu_seu,0.08,69.32147430883803
candu_seu,0.08,68.48221480562769
candu_seu,0.08,60.25045845434792
candu_seu,0.08,75.46180807197
candu_seu,0.08,67.23675549181986
candu_seu,0.08,73.00245794269463
candu_seu,0.08,65.39145641408594
candu_seu,0.08,67.85404689601921
candu_seu,0.08,65.13779962995282
candu_seu,0.08,63.54772834630201
candu_seu,0.08,74.54146777281186
candu_seu,0.08,64.87448357414651
candu_seu,0.08,69.37756458069491
candu_seu,0.08,72.4541361051813
candu_seu,0.08,70.84756947172478
candu_seu,0.08,69.19066351645228
candu_seu,0.08,68.04905139357393
candu_seu,0.08,70.39028765349704
candu_seu,0.08,69.43940824312004
candu_seu,0.08,64.40396752221554
candu_seu,0.08,69.30830575917017
candu_seu,0.08,72.13062311787463
candu_seu,0.08,65.63965379433274
candu_seu,0.08,66.56240036174025
candu_seu,0.08,71.16217842413317
candu_seu,0.08,67.6509889441246
candu_seu,0.08,64.99356659917693
candu_seu,0.08,67.7365228498888
candu_seu,0.08,65.3679490553162
candu_seu,0.08,70.70873309948779
candu_seu,0.08,72.0959193141369
candu_seu,0.08,74.2461598451325
candu_seu,0.08,70.21704652853289
candu_seu,0.08,62.895130752822865
candu_seu,0.08,68.33625667013575
candu_seu,0.08,65.46790460246199
candu_seu,0.08,65.87845134357923
candu_seu,0.08,59.8983755167783
candu_seu,0.08,64.11602264608281
candu_seu,0.08,62.21344872766517
candu_seu,0.08,71.0577095095823
candu_seu,0.08,77.96697571129701
candu_seu,0.08,68.60157378490806
candu_seu,0.08,67.00871615646992
candu_seu,0.08,68.59555829850282
candu_seu,0.08,69.65317733467455
candu_seu,0.08,69.36283270383713
candu_seu,0.08,61.121786256552824
candu_seu,0.08,65.33663449844911
candu_seu,0.08,69.07946726753816
candu_seu,0.08,73.2253452257084
candu_seu,0.08,66.52125629885744
candu_seu,0.08,64.71524001989042
candu_seu,0.08,66.78308647246145
candu_seu,0.08,68.26225397167889
candu_seu,0.08,66.93044079432832
candu_seu,0.08,61.768272566840814
candu_seu,0.08,64.43453940946877
candu_seu,0.08,67.39415789718771
candu_seu,0.08,66.44432248980559
candu_seu,0.08,75.0050311856895
candu_seu,0.08,70.53473667890181
candu_seu,0.08,61.33791957506334
candu_seu,0.08,66.71351997529248
candu_seu,0.08,64.06187016694737
candu_seu,0.08,68.07410675950618
candu_seu,0.08,66.85228451738057
candu_seu,0.08,66.76807114826116
candu_seu,0.08,65.11181009665357
candu_seu,0.08,68.59357181354592
candu_seu,0.08,78.74326519654716
candu_seu,0.08,68.07365971406726
candu_seu,0.08,65.47189257412053
candu_seu,0.08,76.86985303679036
candu_seu,0.08,65.83112966468391
candu_seu,0.08,78.28467699933853
candu_seu,0.08,72.03657899065325
candu_seu,0.08,64.87483291253517
candu_seu,0.08,63.21720191572496
candu_seu,0.08,66.34641929812389
candu_seu,0.08,65.99312087253068
candu_seu,0.08,64.97832680001775
candu_seu,0.08,68.9182366951566
candu_seu,0.08,64.1994331307428
candu_seu,0.08,68.24118350685772
candu_seu,0.08,77.80749217567936
candu_seu,0.08,69.02729704943025
candu_seu,0.08,67.51862021835153
candu_seu,0.08,65.73150311903717
candu_seu,0.08,73.23536346916597
candu_seu,0.08,63.76591991024551
candu_seu,0.08,65.28755014415265
candu_seu,0.08,73.16090502994392
candu_seu,0.08,67.59307105498681
candu_seu,0.08,73.14299456935653
candu_seu,0.08,66.71444759523902
candu_seu,0.08,68.54837603208624
candu_seu,0.08,75.07220416495184
candu_seu,0.08,61.080963136899854
candu_seu,0.08,75.29054056445898
candu_seu,0.08,60.249693182078616
candu_seu,0.08,66.52811205588594
candu_seu,0.08,66.74628101119089
candu_seu,0.08,63.30013115704129
candu_seu,0.08,62.57672080840214
candu_seu,0.08,69.77245475896231
candu_seu,0.08,71.81341224774259
candu_seu,0.08,70.90580542623997
candu_seu,0.08,68.03630594680821
candu_seu,0.08,66.26214278927067
candu_seu,0.08,68.14881337411852
candu_seu,0.08,60.668398147622106
candu_seu,0.08,72.48780102132177
candu_seu,0.08,72.78622237813356
candu_seu,0.08,75.04580748935466
candu_seu,0.08,69.4449880218823
candu_seu,0.08,66.78154644609064
candu_seu,0.08,63.079382196208456
candu_seu,0.08,63.664711644669204
candu_seu,0.08,75.2597203978116
candu_seu,0.08,66.40469388623053
candu_seu,0.08,68.32068185784556
candu_seu,0.08,75.79387545415658
candu_seu,0.08,68.29368077086475
candu_seu,0.08,70.33278129881278
candu_seu,0.08,62.07309764552581
candu_seu,0.08,74.3895616615619
candu_seu,0.08,75.61481879037792
candu_seu,0.08,68.32755505208644
candu_seu,0.08,63.44346684062218
candu_seu,0.08,69.81814244648258
candu_seu,0.08,64.33630016066327
candu_seu,0.08,64.93918298964715
candu_seu,0.08,69.25314222887692
candu_seu,0.08,64.40580976663833
candu_seu,0.08,71.05241534038116
candu_seu,0.08,77.58089113457106
candu_seu,0.08,73.08659976315649
candu_seu,0.08,74.5478509600457
candu_seu,0.08,74.57885662411658
candu_seu,0.08,67.17264702398013
candu_seu,0.08,70.60536990475508
candu_seu,0.08,69.01929443281023
candu_seu,0.08,63.389115008927995
candu_seu,0.08,70.62762464135582
candu_seu,0.08,74.33115207983367
candu_seu,0.08,66.661984922284
candu_seu,0.08,64.00954023757363
candu_seu,0.08,62.23706140197542
candu_seu,0.08,63.54588737441279
candu_seu,0.08,65.87597918368496
candu_seu,0.08,71.80294469742918
candu_seu,0.08,65.44351147309706
candu_seu,0.08,68.87137917320412
candu_seu,0.08,68.68509006582698
candu_seu,0.08,67.83693381090009
candu_seu,0.08,59.99940642394267
candu_seu,0.08,67.37355950795225
candu_seu,0.08,71.20626274500773
candu_seu,0.08,69.47374992380676
candu_seu,0.08,67.18702194650831
candu_seu,0.08,67.53946480704498
candu_seu,0.08,64.51853228750092
candu_seu,0.08,68.89861505004109
candu_seu,0.08,62.24718195253425
candu_seu,0.08,70.72039467690261
candu_seu,0.08,72.52917808455327
candu_seu,0.08,69.12549417499093
candu_seu,0.08,74.96723758331993
candu_seu,0.08,65.80455210423655
candu_seu,0.08,62.51911060378485
candu_seu,0.08,78.00383112346924
candu_seu,0.08,69.13421359570295
candu_seu,0.08,63.275629848800115
candu_seu,0.08,66.72644041546712
candu_seu,0.08,65.54980210924019
candu_seu,0.08,68.02853703932736
candu_seu,0.08,71.6843034969076
candu_seu,0.08,65.21333867576799
candu_seu,0.08,71.13808792661126
candu_seu,0.08,74.08591441355784
candu_seu,0.08,69.14212660062512
candu_seu,0.08,62.137692602708725
candu_seu,0.08,65.1150784026805
candu_seu,0.08,75.41308276571338
candu_seu,0.08,68.30079636697971
candu_seu,0.08,69.13493855353578
candu_seu,0.08,66.82258267705453
candu_seu,0.08,69.86239454665214
candu_seu,0.08,68.79812432893944
candu_seu,0.08,70.20760430243928
candu_seu,0.08,67.48286091366529
candu_seu,0.08,60.9938151870534
candu_seu,0.08,72.43468015768151
candu_seu,0.08,74.79141955777717
candu_seu,0.08,71.59496364653879
candu_seu,0.08,69.22508314374636
candu_seu,0.08,64.81234041988087
candu_seu,0.08,73.45194744831286
candu_seu,0.08,75.93571870802833
candu_seu,0.08,73.14938575327533
candu_seu,0.08,73.88467080022949
candu_seu,0.08,68.66244172806779
candu_seu,0.08,64.33907324054721
candu_seu,0.08,71.42773998597009
candu_seu,0.08,60.97357617185543
candu_seu,0.08,62.430121120912396
candu_seu,0.08,71.01197647834391
candu_seu,0.08,71.84537959720917
candu_seu,0.08,65.94295471340223
candu_seu,0.08,72.13844119571986
candu_seu,0.08,68.82813755874449
candu_seu,0.08,68.99536699510719
candu_seu,0.08,67.02827464829224
candu_seu,0.08,74.99526181279829
candu_seu,0.08,62.74599535182774
candu_seu,0.08,60.430347875034535
candu_seu,0.08,72.71023084439837
candu_seu,0.08,69.79623225292181
candu_seu,0.08,75.9065451498234
candu_seu,0.08,66.5423917589734
candu_seu,0.08,71.05240368464688
candu_seu,0.08,66.23551144260554
candu_seu,0.08,74.70586510152519
candu_seu,0.08,74.58239137647114
